lakeid,year4,daynum,sampledate,depth,rep,sta,event,ph,phair,alk,dic,tic,doc,toc,no3no2,no2,nh4,totnf,totnuf,totpf,totpuf,drsif,brsif,brsiuf,tpm,totnuf_sloh,no3no2_sloh,nh4_sloh,kjdl_n_sloh,totpuf_sloh,drp_sloh,drsif_sloh,flagdepth,flagph,flagphair,flagalk,flagdic,flagtic,flagdoc,flagtoc,flagno3no2,flagno2,flagnh4,flagtotnf,flagtotnuf,flagtotpf,flagtotpuf,flagdrsif,flagbrsif,flagbrsiuf,flagtpm,flagtotnuf_sloh,flagno3no2_sloh,flagnh4_sloh,flagkjdl_n_sloh,flagtotpuf_sloh,flagdrp_sloh,flagdrsif_sloh,month,season,removal,tn
WI,1996,123,1996-05-02,0,1,1,NA,7.32,8.68,4064,NA,NA,NA,NA,110,NA,25,NA,868,NA,36,NA,NA,NA,NA,NA,0.195,0,0.5,0.029,0,0.4,NA,NA,NA,H,NA,NA,NA,NA,LE,NA,L,NA,NA,NA,L,NA,NA,NA,NA,NA,NA,S,R,R,S,NA,5,summer,pre,0.868
WI,1996,136,1996-05-15,0,1,1,NA,8.52,5.97,NA,49.15,49.96,5.97,6.16,84,NA,37,NA,960,NA,50,NA,NA,NA,NA,NA,0.192,0,0.6,0.033,0,0.68,NA,NA,NA,NA,H,H,NA,NA,EL,NA,L,NA,NA,NA,NA,NA,NA,NA,NA,NA,NA,S,R,NA,S,NA,5,summer,pre,0.96
WI,1996,151,1996-05-30,0,1,1,NA,8.39,8.62,NA,50.16,50.93,6.24,6.45,42,NA,39,729,953,29,45,225,NA,NA,NA,NA,0.158,0.038,0.7,0.032,0,0.362,NA,NA,NA,NA,LH,H,L,NA,L,NA,L,NA,NA,NA,NA,NA,NA,NA,NA,NA,NA,R,R,NA,S,NA,5,summer,pre,0.953
WI,1996,163,1996-06-11,0,1,1,NA,8.63,8.55,NA,45.78,46.49,7.05,7.26,72,NA,58,798,817,23,36,485,NA,NA,NA,NA,0.138,0,0.7,0.033,0,0.896,NA,NA,NA,NA,H,H,NA,NA,LN,NA,L,L,L,L,L,NA,NA,NA,NA,NA,NA,S,R,NA,S,NA,6,summer,pre,0.817
WI,1996,176,1996-06-24,0,1,1,NA,8.46,5.85,NA,NA,NA,NA,NA,41,NA,34,662,929,17,39,1071,NA,NA,NA,NA,0.064,0,0.82,0.037,0.002,2.12,NA,NA,NA,NA,NA,NA,NA,NA,L,NA,NA,NA,NA,NA,NA,NA,NA,NA,NA,NA,NA,S,Q,Q,R,NA,6,summer,pre,0.929
WI,1996,192,1996-07-10,0,1,1,NA,8.53,8.6,NA,39.97,39.57,8.6,7.77,5,NA,91,867,1184,31,52,1734,NA,NA,NA,NA,0.013,0.111,1.2,0.039,0,3.6,NA,NA,NA,NA,H,H,NA,NA,NA,NA,NA,L,NA,L,NA,NA,NA,NA,NA,NA,R,NA,NA,NA,S,Q,7,summer,pre,1.184
WI,1996,206,1996-07-24,0,1,1,NA,8.71,8.66,NA,NA,NA,NA,NA,NA,NA,NA,610,933,29,63,1788,NA,NA,NA,NA,0,0,1.04,0.058,NA,3.63,NA,NA,NA,NA,NA,NA,NA,NA,NA,NA,NA,NA,NA,NA,NA,NA,NA,NA,NA,NA,S,S,Q,NA,Q,NA,7,summer,pre,0.933
WI,1996,220,1996-08-07,0,1,1,NA,8.85,8.65,3185,21.65,19.95,3.9,3.2,0,NA,21,643,657,31,33,2708,NA,NA,10.57,NA,0,0,1,0.046,0,6.5,NA,NA,NA,NA,NA,NA,NA,NA,LX,NA,NA,NA,NA,NA,NA,NA,NA,NA,L,NA,S,S,R,NA,S,Q,8,summer,pre,0.657
WI,1996,234,1996-08-21,0,1,1,NA,8.89,8.78,NA,NA,NA,NA,NA,3,NA,42,548,876,21,43,2708,NA,NA,NA,NA,0,0,0.9,0.036,0.004,6.48,NA,NA,NA,NA,NA,NA,NA,NA,NA,NA,L,NA,NA,NA,NA,NA,NA,NA,NA,NA,S,S,R,NA,R,NA,8,summer,pre,0.876
WI,1996,250,1996-09-06,0,1,1,NA,8.75,8.42,NA,33.54,34.44,6.55,6.7,4,NA,17,439,818,17,36,3954,NA,NA,NA,NA,NA,NA,NA,NA,NA,NA,NA,NA,NA,NA,H,H,NA,NA,NA,NA,L,NA,NA,NA,NA,NA,NA,NA,NA,NA,NA,NA,NA,NA,NA,NA,9,summer,pre,0.818
WI,1997,125,1997-05-05,0,1,1,NA,8.39,8.7,3995,49.04,50.1,5.58,7.82,NA,NA,NA,775,1066,18,51,2525,NA,NA,NA,NA,0.253,0.102,0.8,0.064,0,5.33,NA,NA,NA,NA,H,H,NA,L,NA,NA,NA,NA,NA,NA,NA,NA,NA,NA,NA,NA,NA,NA,R,NA,S,NA,5,summer,pre,1.066
WI,1997,136,1997-05-16,0,1,1,NA,8.65,8.74,NA,48.49,48.99,5.68,5.95,63,NA,12,575,710,15,47,1222,NA,NA,NA,NA,NA,NA,NA,NA,NA,NA,NA,NA,NA,NA,H,H,NA,NA,NA,NA,NA,NA,L,NA,NA,NA,NA,NA,NA,NA,NA,NA,NA,NA,NA,NA,5,summer,pre,0.71
WI,1997,162,1997-06-11,0,1,1,NA,8.1,8.74,NA,42.89,42.97,8.31,6.58,NA,NA,NA,675,597,58,38,708,NA,NA,NA,NA,0,0,0.6,0.024,0,1.3,NA,NA,NA,NA,H,H,NA,NA,NA,NA,NA,NA,NA,L,L,NA,NA,NA,NA,NA,S,S,R,NA,S,NA,6,summer,pre,0.597
WI,1997,189,1997-07-08,0,1,1,NA,8.73,8.65,NA,41.07,40.92,8.93,8.65,556,NA,18,879,985,40,42,3043,NA,NA,NA,NA,0,0,1,0.063,0,6.42,NA,NA,NA,NA,H,KH,NA,K,LN,NA,L,NA,L,NA,NA,NA,NA,NA,NA,NA,S,S,NA,NA,S,NA,7,summer,pre,0.985
WI,1997,206,1997-07-25,0,1,1,NA,NA,NA,NA,NA,NA,NA,NA,55,NA,141,987,1099,45,57,4596,NA,NA,NA,NA,0,0,1,0.055,0,9.41,NA,NA,NA,NA,NA,NA,NA,NA,LN,NA,L,L,NA,L,L,NA,NA,NA,NA,NA,Q,Q,Q,Q,S,NA,7,summer,pre,1.099
WI,1997,231,1997-08-19,0,1,1,NA,8.71,NA,NA,NA,NA,NA,NA,17,NA,12,689,1093,15,61,5861,NA,NA,NA,NA,NA,NA,NA,NA,NA,NA,NA,NA,NA,NA,NA,NA,NA,NA,L,NA,L,NA,NA,NA,NA,NA,NA,NA,NA,NA,NA,NA,NA,NA,NA,NA,8,summer,pre,1.093
WI,1997,254,1997-09-11,0,1,1,NA,8.68,8.7,NA,39.05,39.2,6.66,6.23,920,NA,114,756,621,30,27,6148,NA,NA,NA,NA,NA,NA,NA,NA,NA,NA,NA,NA,NA,NA,H,H,NA,NA,L,NA,L,NA,L,NA,L,NA,NA,NA,NA,NA,NA,NA,NA,NA,NA,NA,9,summer,pre,0.621
WI,1998,132,1998-05-12,0,1,1,NA,NA,NA,NA,NA,NA,NA,NA,274,NA,22,592,776,5,22,523,NA,NA,NA,NA,0.072,0.029,0.72,0.026,0.002,1.1,NA,NA,NA,NA,NA,NA,NA,NA,L,NA,L,NA,NA,NA,NA,NA,NA,NA,NA,NA,NA,R,Q,NA,R,NA,5,summer,pre,0.776
WI,1998,161,1998-06-10,0,1,1,NA,NA,NA,NA,46.8,45.62,8.22,7.49,26,NA,404,1346,1009,14,36,1825,NA,NA,NA,NA,0.017,0.094,1.03,0.039,0,4.14,NA,NA,NA,NA,H,H,NA,L,NA,NA,L,L,NA,L,NA,NA,NA,NA,NA,NA,R,NA,Q,NA,S,NA,6,summer,pre,1.009
WI,1998,175,1998-06-24,0,1,1,NA,NA,NA,NA,NA,NA,NA,NA,6,NA,6,521,916,8,32,3226,NA,NA,NA,NA,0,0.015,0.99,0.036,0.002,7.46,NA,NA,NA,NA,NA,NA,NA,NA,NA,NA,NA,NA,NA,L,NA,NA,NA,NA,NA,NA,S,R,Q,NA,R,NA,6,summer,pre,0.916
WI,1998,188,1998-07-07,0,1,1,NA,8.58,8.52,NA,39.11,40.16,7.63,7.18,71,NA,41,925,1288,25,47,3774,NA,NA,NA,NA,NA,NA,NA,NA,NA,NA,NA,NA,NA,NA,H,H,NA,NA,LN,NA,NA,NA,NA,L,NA,NA,NA,NA,NA,NA,NA,NA,NA,NA,NA,NA,7,summer,pre,1.288
WI,1998,205,1998-07-24,0,1,1,NA,NA,NA,NA,NA,NA,NA,NA,5,NA,0,706,1362,9,49,5487,NA,NA,NA,NA,NA,NA,NA,NA,NA,NA,NA,NA,NA,NA,NA,NA,NA,NA,NA,NA,X,NA,L,L,NA,NA,NA,NA,NA,NA,NA,NA,NA,NA,NA,NA,7,summer,pre,1.362
WI,1998,219,1998-08-07,0,1,1,NA,8.79,8.69,3047,37.19,37.69,7.48,9.81,1,NA,11,553,1574,1,55,5459,NA,NA,NA,NA,NA,NA,NA,NA,NA,NA,NA,NA,NA,NA,H,H,NA,NA,LX,NA,L,NA,L,X,NA,NA,NA,NA,NA,NA,NA,NA,NA,NA,NA,NA,8,summer,pre,1.574
WI,1998,231,1998-08-19,0,1,1,NA,NA,NA,NA,NA,NA,NA,NA,2,NA,69,467,829,28,37,6104,NA,NA,NA,NA,NA,NA,NA,NA,NA,NA,NA,NA,NA,NA,NA,NA,NA,NA,L,NA,NA,NA,NA,NA,NA,NA,NA,NA,NA,NA,NA,NA,NA,NA,NA,NA,8,summer,pre,0.829
WI,1998,243,1998-08-31,0,1,1,NA,NA,NA,NA,NA,NA,NA,NA,3,NA,24,953,888,37,38,6378,NA,NA,NA,NA,NA,NA,NA,NA,NA,NA,NA,NA,NA,NA,NA,NA,NA,NA,NA,NA,L,L,L,NA,NA,NA,NA,NA,NA,NA,NA,NA,NA,NA,NA,NA,8,summer,pre,0.888
WI,1998,272,1998-09-29,0,1,1,NA,NA,NA,NA,NA,NA,NA,NA,37,NA,4,876,909,28,27,6515,NA,NA,NA,NA,NA,NA,NA,NA,NA,NA,NA,NA,NA,NA,NA,NA,NA,NA,NA,NA,L,NA,NA,NA,L,NA,NA,NA,NA,NA,NA,NA,NA,NA,NA,NA,9,summer,pre,0.909
WI,1999,131,1999-05-11,0,1,1,NA,8.41,8.59,NA,48.82,48.95,6.91,5.61,48,NA,83,606,774,0,1,1427,NA,NA,NA,NA,0.08,0.118,0.79,0.034,0.007,3.55,NA,NA,NA,NA,H,H,NA,NA,NA,NA,NA,NA,NA,X,LX,NA,NA,NA,NA,NA,NA,NA,NA,NA,NA,NA,5,summer,pre,0.774
WI,1999,144,1999-05-24,0,1,1,NA,NA,NA,NA,NA,NA,NA,NA,45,NA,37,594,765,1,6,1196,NA,NA,NA,NA,0.03,0.04,0.86,0.034,0.003,2.83,NA,NA,NA,NA,NA,NA,NA,NA,L,NA,NA,NA,NA,X,NA,NA,NA,NA,NA,NA,R,R,NA,NA,R,NA,5,summer,pre,0.765
WI,1999,159,1999-06-08,0,1,1,NA,8.46,8.54,NA,44.21,44.52,7,6.98,9,NA,22,450,898,0,20,2474,NA,NA,NA,NA,0,0.041,0.85,0.05,0.003,5.61,NA,NA,NA,NA,H,H,NA,NA,NA,NA,L,L,NA,LX,L,NA,NA,NA,NA,NA,S,R,NA,NA,R,NA,6,summer,pre,0.898
WI,1999,173,1999-06-22,0,1,1,NA,NA,NA,NA,NA,NA,NA,NA,6,NA,0,570,766,0,11,4810,NA,NA,NA,NA,0,0.006,0.93,0.041,0.003,10.8,NA,NA,NA,NA,NA,NA,NA,NA,NA,NA,X,NA,NA,X,NA,NA,NA,NA,NA,NA,S,Q,NA,NA,R,NA,6,summer,pre,0.766
WI,1999,200,1999-07-19,0,1,1,NA,NA,NA,NA,NA,NA,NA,NA,12,NA,19,466,1070,7,59,8017,NA,NA,NA,NA,0.015,0,1.12,0.065,0.003,17.3,NA,NA,NA,NA,NA,NA,NA,NA,NA,NA,L,L,NA,L,NA,NA,NA,NA,NA,NA,R,S,NA,NA,R,NA,7,summer,pre,1.07
WI,1999,215,1999-08-03,0,1,1,NA,8.62,8.57,NA,37,38.94,6.84,6.75,6,NA,23,486,943,9,50,8865,NA,NA,NA,NA,0,0,0.91,0.061,0,19.5,NA,NA,NA,NA,H,H,NA,NA,L,NA,L,NA,NA,NA,NA,NA,NA,NA,NA,NA,S,S,NA,NA,S,NA,8,summer,pre,0.943
WI,1999,229,1999-08-17,0,1,1,NA,NA,NA,NA,NA,NA,NA,NA,8,NA,19,543,827,8,56,8408,NA,NA,NA,NA,0.024,0.019,0.98,0.066,0.001,19.4,NA,NA,NA,NA,NA,NA,NA,NA,NA,NA,NA,NA,L,V,V,NA,NA,NA,NA,NA,R,Q,Q,NA,Q,NA,8,summer,pre,0.827
WI,1999,243,1999-08-31,0,1,1,NA,8.9,8.73,NA,34.87,36.04,7.1,7.57,8,NA,32,425,903,4,43,8799,NA,NA,NA,NA,0,0,0.99,0.054,0.01,19.3,NA,NA,NA,NA,H,H,NA,NA,NA,NA,L,NA,NA,L,NA,NA,NA,NA,NA,NA,S,S,NA,NA,NA,NA,8,summer,pre,0.903
WI,1999,271,1999-09-28,0,1,1,NA,8.9,8.5,NA,34.96,35.34,8.17,8.95,4,NA,8,543,1035,10,49,8343,NA,NA,NA,NA,0.013,0.029,1.04,0.059,0,16.9,NA,NA,NA,NA,H,H,NA,NA,NA,NA,NA,L,NA,L,NA,NA,NA,NA,NA,NA,R,R,NA,NA,S,Q,9,summer,pre,1.035
WI,2000,131,2000-05-10,0,1,1,NA,8.46,8.67,NA,48.45,49.34,6.31,6.02,42,NA,46,646,837,13,35,791,NA,NA,NA,NA,0.071,0.076,0.85,0.036,0,1.65,NA,NA,NA,NA,H,H,NA,NA,NA,NA,NA,NA,NA,NA,NA,NA,NA,NA,NA,NA,NA,NA,NA,NA,S,NA,5,summer,pre,0.837
WI,2000,145,2000-05-24,0,1,1,NA,NA,NA,NA,NA,NA,NA,NA,24,NA,12,501,698,9,26,708,NA,NA,NA,NA,0,0,0.89,0.028,0,1.4,NA,NA,NA,NA,NA,NA,NA,NA,NA,NA,L,NA,NA,NA,L,NA,NA,NA,NA,NA,S,S,NA,NA,S,NA,5,summer,pre,0.698
WI,2000,157,2000-06-05,0,1,1,NA,8.47,8.58,NA,37.3,38.13,6.39,6.5,106,NA,145,683,940,12,46,1239,NA,NA,NA,NA,0.09,0.156,0.76,0.052,0,2.71,NA,NA,NA,NA,H,H,NA,NA,L,NA,NA,NA,NA,NA,L,NA,NA,NA,NA,NA,NA,NA,NA,NA,Q,Q,6,summer,pre,0.94
WI,2000,172,2000-06-20,0,1,1,NA,NA,NA,NA,NA,NA,NA,NA,6,NA,111,494,908,12,48,1667,NA,NA,NA,NA,0,0,0.89,0.048,0,3.58,NA,NA,NA,NA,NA,NA,NA,NA,NA,NA,L,NA,NA,NA,NA,NA,NA,NA,NA,NA,S,S,NA,NA,S,Q,6,summer,pre,0.908
WI,2000,186,2000-07-04,0,1,1,NA,8.85,8.45,2894,31.46,31.86,6.66,6.56,8,NA,33,494,933,10,56,3141,NA,NA,NA,NA,0,0,0.98,0.058,0,7.05,NA,NA,NA,NA,H,H,NA,NA,L,NA,L,NA,NA,NA,NA,NA,NA,NA,NA,NA,S,S,Q,NA,S,NA,7,summer,pre,0.933
WI,2000,200,2000-07-18,0,1,1,NA,NA,NA,NA,NA,NA,NA,NA,7,NA,8,471,1011,9,82,5314,NA,NA,NA,NA,0.012,0,0.95,0.074,0,11.5,NA,NA,NA,NA,NA,NA,NA,NA,L,NA,L,NA,L,NA,L,NA,NA,NA,NA,NA,R,S,NA,NA,S,NA,7,summer,pre,1.011
WI,2000,214,2000-08-01,0,1,1,NA,8.76,8.72,NA,34.68,34.51,7.56,7.31,4,NA,14,708,1055,37,81,7356,NA,NA,NA,NA,0,0,1.06,0.08,0,15.2,NA,NA,NA,NA,H,H,NA,NA,L,NA,L,NL,NA,NL,NA,NA,NA,NA,NA,NA,S,S,NA,NA,S,NA,8,summer,pre,1.055
WI,2000,227,2000-08-14,0,1,1,NA,NA,NA,NA,NA,NA,NA,NA,2,NA,5,634,1025,29,59,8192,NA,NA,NA,NA,0,0,1.09,0.068,0.003,16,NA,NA,NA,NA,NA,NA,NA,NA,NA,NA,NA,NL,NA,NL,NA,NA,NA,NA,NA,NA,S,S,NA,NA,R,NA,8,summer,pre,1.025
WI,2000,242,2000-08-29,0,1,1,NA,8.91,8.77,NA,35.3,36.08,7.21,6.88,7,NA,7,696,1049,21,45,8749,NA,NA,NA,NA,0,0,0.78,0.05,0,17.8,NA,NA,NA,NA,H,H,NA,NA,L,NA,NA,NA,NA,L,NA,NA,NA,NA,NA,NA,S,S,NA,NA,S,NA,8,summer,pre,1.049
WI,2000,270,2000-09-26,0,1,1,NA,8.83,8.64,NA,36.4,37.82,7.4,6.96,5,NA,11,436,1007,9,56,8470,NA,NA,NA,NA,0.012,0.023,1.21,0.063,0,17.8,NA,NA,NA,NA,H,H,NA,NA,NA,NA,NA,NL,NA,NL,E,NA,NA,NA,NA,NA,R,R,NA,NA,S,NA,9,summer,pre,1.007
WI,2001,127,2001-05-07,0,1,1,NA,8.61,8.72,NA,48.86,46.74,7.96,7.62,69,NA,27,559,1015,16,50,1819,NA,NA,NA,NA,0.079,0.021,1.11,0.047,0,4.17,NA,NA,NA,NA,KH,KH,K,K,L,NA,NA,NA,NA,NA,NA,NA,NA,NA,NA,NA,NA,R,NA,NA,S,NA,5,summer,pre,1.015
WI,2001,143,2001-05-23,0,1,1,NA,NA,NA,NA,NA,NA,NA,NA,6,NA,85,662,1096,19,74,1865,NA,NA,NA,NA,0,0.037,1.34,0.03,0,3.77,NA,NA,NA,NA,NA,NA,NA,NA,L,NA,L,L,NA,NA,NA,NA,NA,NA,NA,NA,S,R,NA,NA,S,NA,5,summer,pre,1.096
WI,2001,157,2001-06-06,0,1,1,NA,8.47,8.68,NA,44.73,45.23,6.48,6.6,16,NA,38,640,1172,22,75,3206,NA,NA,NA,NA,0.015,0.032,1.2,0.088,0,7.01,NA,NA,NA,NA,H,H,NA,NA,L,NA,L,L,NA,L,NA,NA,NA,NA,NA,NA,R,R,NA,NA,S,NA,6,summer,pre,1.172
WI,2001,169,2001-06-18,0,1,1,NA,NA,NA,NA,NA,NA,NA,NA,4,NA,21,845,957,23,65,4245,NA,NA,NA,NA,0,0,0.92,0.075,0,9.31,NA,NA,NA,NA,NA,NA,NA,NA,NA,NA,L,L,NA,NA,NA,NA,NA,NA,NA,NA,S,S,NA,NA,S,Q,6,summer,pre,0.957
WI,2001,184,2001-07-03,0,1,1,NA,8.79,8.75,NA,38,39.44,7.45,7.35,5,NA,69,908,1080,22,80,5695,NA,NA,NA,NA,NA,0,1.2,0.084,0,12.7,NA,NA,NA,NA,H,H,NA,NA,L,NA,L,NA,NA,NA,NA,NA,NA,NA,NA,NA,NA,S,NA,NA,S,NA,7,summer,pre,1.08
WI,2001,197,2001-07-16,0,1,1,NA,NA,NA,NA,NA,NA,NA,NA,6,NA,15,769,1010,19,65,7083,NA,NA,NA,NA,0.027,0.044,0.91,0.068,0.001,15.3,NA,NA,NA,NA,NA,NA,NA,NA,L,NA,L,NA,NA,L,NA,NA,NA,NA,NA,NA,R,NA,Q,NA,Q,NA,7,summer,pre,1.01
WI,2001,213,2001-08-01,0,1,1,NA,8.91,8.71,3090,34.65,35.55,7.32,7.5,3,NA,10,716,869,11,39,8155,NA,NA,NA,NA,0.011,0,0.87,0.048,0.009,18.3,NA,NA,NA,NA,H,H,NA,NA,L,NA,L,NA,NA,NA,NA,NA,NA,NA,NA,NA,R,S,Q,NA,Q,NA,8,summer,pre,0.869
WI,2001,227,2001-08-15,0,1,1,NA,NA,NA,NA,NA,NA,NA,NA,18,NA,17,728,1202,12,58,7714,NA,NA,NA,NA,0,0,1.12,0.063,0.004,17.1,NA,NA,NA,NA,NA,NA,NA,NA,L,NA,L,NA,NA,NA,NA,NA,NA,NA,NA,NA,S,S,Q,NA,R,NA,8,summer,pre,1.202
WI,2001,240,2001-08-28,0,1,1,NA,8.93,8.69,NA,31.54,31.62,8.65,8.63,11,NA,30,667,903,10,37,7083,NA,NA,NA,NA,0.011,0,0.93,0.039,0.002,15.3,NA,NA,NA,NA,H,H,NA,NA,L,NA,L,L,NA,L,NA,NA,NA,NA,NA,NA,R,S,Q,Q,R,NA,8,summer,pre,0.903
WI,2001,267,2001-09-24,0,1,1,NA,9.94,10.04,NA,32.85,34.13,7.22,7.24,59,NA,9,738,1422,14,71,6704,NA,NA,NA,NA,0,0,1.19,0.073,0.566,15,NA,NA,NA,NA,H,H,NA,NA,LN,NA,NA,NA,NA,NA,NA,NA,NA,NA,NA,NA,Q,Q,Q,Q,Q,Q,9,summer,pre,1.422
WI,2002,127,2002-05-07,0,1,1,NA,NA,NA,NA,NA,NA,NA,NA,32,NA,83,601,701,12,44,2061,NA,NA,NA,NA,0.041,0.053,0.83,0.053,0,4.76,NA,NA,NA,NA,NA,NA,NA,NA,L,NA,L,L,L,NA,NA,NA,NA,NA,NA,NA,NA,NA,NA,NA,S,NA,5,summer,pre,0.701
WI,2002,143,2002-05-23,0,1,1,NA,8.54,8.71,NA,50.38,50.24,5.86,5.6,10,NA,12,588,820,29,56,1880,NA,NA,NA,NA,0.011,0,0.86,0.066,0,2.92,NA,NA,NA,NA,H,H,NA,NA,L,NA,L,L,EL,NA,NA,L,NA,NA,NA,NA,R,S,NA,NA,S,NA,5,summer,pre,0.82
WI,2002,157,2002-06-06,0,1,1,NA,NA,NA,NA,NA,NA,NA,NA,20,NA,26,482,880,10,48,1577,NA,NA,NA,NA,0.129,0.108,0.93,0.044,0,3.4,NA,NA,NA,NA,NA,NA,NA,NA,L,NA,NA,NA,NA,NA,NA,NA,NA,NA,NA,NA,NA,NA,NA,NA,S,NA,6,summer,pre,0.88
WI,2002,171,2002-06-20,0,1,1,NA,8.62,8.67,NA,41.95,42.68,7.13,7.71,9,NA,12,635,888,22,65,2122,NA,NA,NA,NA,0.02,0.015,0.97,0.055,0,4.62,NA,NA,NA,NA,H,H,NA,NA,L,NA,NA,NA,NA,NA,NA,NA,NA,NA,NA,NA,R,R,NA,NA,S,NA,6,summer,pre,0.888
WI,2002,184,2002-07-03,0,1,1,NA,NA,NA,NA,NA,NA,NA,NA,682,NA,99,1230,1192,20,64,3513,NA,NA,NA,NA,0.023,0,1.16,0.063,0.001,8.16,NA,NA,NA,NA,NA,NA,NA,NA,L,NA,L,L,NA,L,NA,NA,NA,NA,NA,NA,R,S,NA,NA,Q,NA,7,summer,pre,1.192
WI,2002,199,2002-07-18,0,1,1,NA,8.96,8.76,3105,36.38,36.48,8.81,8.48,72,NA,95,1053,925,18,40,5086,NA,NA,NA,NA,0,0,1.12,0.042,0,11.4,NA,NA,NA,NA,H,H,NA,NA,L,NA,L,L,NA,EL,NA,NA,NA,NA,NA,NA,S,S,NA,NA,S,NA,7,summer,pre,0.925
WI,2002,212,2002-07-31,0,1,1,NA,NA,NA,NA,NA,NA,NA,NA,157,NA,130,1076,1218,11,18,5570,NA,NA,NA,NA,0.01,0.038,1.18,0.066,0,13.1,NA,NA,NA,NA,NA,NA,NA,NA,L,NA,L,NA,NA,L,L,NA,NA,NA,NA,NA,R,R,NA,NA,S,NA,7,summer,pre,1.218
WI,2002,227,2002-08-15,0,1,1,NA,9.2,9.08,NA,37.11,38.82,8.35,8.45,6,NA,20,840,1352,13,75,5992,NA,NA,NA,NA,0,0,1.21,0.08,0,5.27,NA,NA,NA,NA,H,H,NA,NA,L,NA,E,NA,NA,NA,NA,NA,NA,NA,NA,NA,S,S,NA,NA,S,NA,8,summer,pre,1.352
WI,2002,240,2002-08-28,0,1,1,NA,NA,NA,NA,NA,NA,NA,NA,163,NA,8,1143,1445,33,66,7116,NA,NA,NA,NA,0,0,1.32,0.069,0,16.2,NA,NA,NA,NA,NA,NA,NA,NA,L,NA,L,E,NA,EL,NA,NA,NA,NA,NA,NA,S,S,NA,NA,S,NA,8,summer,pre,1.445
WI,2002,269,2002-09-26,0,1,1,NA,8.22,8.88,NA,36.87,36.7,11.27,12.44,50,NA,8,812,1352,11,48,7593,NA,NA,NA,NA,0,0,1.17,0.058,0,15.2,NA,NA,NA,NA,H,H,NA,NA,L,NA,L,L,L,NA,NA,NA,NA,NA,NA,NA,S,S,NA,NA,S,NA,9,summer,pre,1.352
WI,2003,121,2003-05-01,0,1,1,NA,NA,NA,NA,NA,NA,NA,NA,39,NA,46,552,1124,4,38,746,NA,NA,NA,NA,NA,NA,NA,NA,NA,NA,NA,NA,NA,NA,NA,NA,NA,NA,LN,NA,LN,L,NA,L,N,NA,NA,NA,NA,NA,NA,NA,NA,NA,NA,NA,5,summer,pre,1.124
WI,2003,135,2003-05-15,0,1,1,NA,8.84,8.96,NA,47.22,48.49,8.13,7.91,32,NA,66,539,1107,1,49,117,NA,NA,NA,NA,NA,NA,NA,NA,NA,NA,NA,NA,NA,NA,H,H,NA,NA,L,NA,L,L,E,X,E,LN,NA,NA,NA,NA,NA,NA,NA,NA,NA,NA,5,summer,pre,1.107
WI,2003,149,2003-05-29,0,1,1,NA,NA,NA,NA,NA,NA,NA,NA,28,NA,38,830,1014,9,32,561,NA,NA,NA,NA,NA,NA,NA,NA,NA,NA,NA,NA,NA,NA,NA,NA,NA,NA,L,NA,L,E,NA,E,NA,LN,NA,NA,NA,NA,NA,NA,NA,NA,NA,NA,5,summer,pre,1.014
WI,2003,163,2003-06-12,0,1,1,NA,8.83,8.96,NA,45.08,45.28,10.97,9.78,9,NA,13,546,1237,12,81,1082,NA,NA,NA,NA,NA,NA,NA,NA,NA,NA,NA,NA,NA,NA,H,H,NA,NA,LN,NA,LN,E,NA,EL,L,L,NA,NA,NA,NA,NA,NA,NA,NA,NA,NA,6,summer,pre,1.237
WI,2003,176,2003-06-25,0,1,1,NA,NA,NA,NA,NA,NA,NA,NA,41,NA,94,938,1489,11,41,1946,NA,NA,NA,NA,NA,NA,NA,NA,NA,NA,NA,NA,NA,NA,NA,NA,NA,NA,L,NA,L,NA,NA,NA,NA,NA,NA,NA,NA,NA,NA,NA,NA,NA,NA,NA,6,summer,pre,1.489
WI,2003,191,2003-07-10,0,1,1,NA,9.23,9.12,NA,36.05,NA,9.13,NA,14,NA,10,596,1641,4,54,3593,NA,NA,NA,NA,NA,NA,NA,NA,NA,NA,NA,NA,NA,NA,H,NA,NA,NA,LN,NA,N,L,NA,NA,NA,NA,NA,NA,NA,NA,NA,NA,NA,NA,NA,NA,7,summer,pre,1.641
WI,2003,202,2003-07-21,0,1,1,NA,NA,NA,NA,NA,NA,NA,NA,10,NA,39,751,1515,9,56,5664,NA,NA,NA,NA,NA,NA,NA,NA,NA,NA,NA,NA,NA,NA,NA,NA,NA,NA,N,NA,LN,NA,N,NA,LN,NA,NA,NA,NA,NA,NA,NA,NA,NA,NA,NA,7,summer,pre,1.515
WI,2003,219,2003-08-07,0,1,1,NA,9.47,8.94,3127,32.86,35.98,9.98,11.7,25,NA,29,594,1866,8,52,6246,NA,NA,NA,NA,NA,NA,NA,NA,NA,NA,NA,NA,NA,NA,H,H,NA,NA,LN,NA,LN,NA,NA,NA,NA,NA,NA,NA,NA,NA,NA,NA,NA,NA,NA,NA,8,summer,pre,1.866
WI,2003,234,2003-08-22,0,1,1,NA,NA,NA,NA,NA,NA,NA,NA,48,NA,21,765,1866,7,54,7717,NA,NA,NA,NA,NA,NA,NA,NA,NA,NA,NA,NA,NA,NA,NA,NA,NA,NA,LN,NA,LN,NA,E,L,E,NA,NA,NA,NA,NA,NA,NA,NA,NA,NA,NA,8,summer,pre,1.866
WI,2003,247,2003-09-04,0,1,1,NA,8.96,8.74,NA,37.42,38.45,14.36,10.91,31,NA,65,857,1773,11,52,8906,NA,NA,NA,NA,NA,NA,NA,NA,NA,NA,NA,NA,NA,NA,H,H,NA,NA,LN,NA,LN,LN,NA,LN,NA,NA,NA,NA,NA,NA,NA,NA,NA,NA,NA,NA,9,summer,pre,1.773
WI,2004,134,2004-05-13,0,1,1,NA,8.64,8.76,NA,50.09,46.69,8.99,8.65,71,NA,115,989,1049,16,31,2006,NA,NA,NA,NA,NA,NA,NA,NA,NA,NA,NA,NA,NA,NA,H,H,NA,NA,L,NA,LN,NA,NA,NA,NA,NA,NA,NA,NA,NA,NA,NA,NA,NA,NA,NA,5,summer,pre,1.049
WI,2004,147,2004-05-26,0,1,1,NA,NA,NA,NA,NA,NA,NA,NA,237,NA,136,1029,1359,22,48,2063,NA,NA,NA,NA,NA,NA,NA,NA,NA,NA,NA,NA,NA,NA,NA,NA,NA,NA,NA,NA,NA,NA,NA,NA,L,NA,NA,NA,NA,NA,NA,NA,NA,NA,NA,NA,5,summer,pre,1.359
WI,2004,162,2004-06-10,0,1,1,NA,8.39,8.59,NA,42.42,42.58,6.81,8.81,NA,NA,NA,861,1014,15,39,1181,NA,NA,NA,NA,NA,NA,NA,NA,NA,NA,NA,NA,NA,NA,H,H,NA,NA,NA,NA,NA,NA,NA,NA,NA,NA,NA,NA,NA,NA,NA,NA,NA,NA,NA,NA,6,summer,pre,1.014
WI,2004,176,2004-06-24,0,1,1,NA,NA,NA,NA,NA,NA,NA,NA,33,NA,41,491,1039,14,75,3715,NA,NA,NA,NA,NA,NA,NA,NA,NA,NA,NA,NA,NA,NA,NA,NA,NA,NA,LN,NA,LN,LN,NA,NA,LN,NA,NA,NA,NA,NA,NA,NA,NA,NA,NA,NA,6,summer,pre,1.039
WI,2004,191,2004-07-09,0,1,1,NA,8.38,8.71,NA,41,41.79,5.55,6.38,5,NA,41,454,965,12,60,3715,NA,NA,NA,NA,NA,NA,NA,NA,NA,NA,NA,NA,NA,NA,H,H,NA,NA,NA,NA,NA,NA,NA,NA,NA,NA,NA,NA,NA,NA,NA,NA,NA,NA,NA,NA,7,summer,pre,0.965
WI,2004,204,2004-07-22,0,1,1,NA,NA,NA,NA,NA,NA,NA,NA,2,NA,5,378,735,7,53,4627,NA,NA,NA,NA,NA,NA,NA,NA,NA,NA,NA,NA,NA,NA,NA,NA,NA,NA,NA,NA,NA,NA,NA,NA,NA,NA,NA,NA,NA,NA,NA,NA,NA,NA,NA,NA,7,summer,pre,0.735
WI,2004,217,2004-08-04,0,1,1,NA,8.34,8.65,3372,46.64,43.52,6.45,6.82,2,NA,10,417,870,4,56,6513,NA,NA,NA,NA,NA,NA,NA,NA,NA,NA,NA,NA,NA,NA,H,H,NA,NA,NA,NA,NA,NA,NA,NA,NA,NA,NA,NA,NA,NA,NA,NA,NA,NA,NA,NA,8,summer,pre,0.87
WI,2004,231,2004-08-18,0,1,1,NA,NA,NA,NA,NA,NA,NA,NA,9,NA,13,586,898,14,59,7262,NA,NA,NA,NA,NA,NA,NA,NA,NA,NA,NA,NA,NA,NA,NA,NA,NA,NA,G,NA,GL,LN,NA,LN,NA,NA,NA,NA,NA,NA,NA,NA,NA,NA,NA,NA,8,summer,pre,0.898
WI,2005,132,2005-05-12,0,1,1,NA,8.19,8.5,NA,48.42,48.92,6.2,5.98,26,NA,101,387,327,9,18,4013,NA,NA,NA,NA,0,0.088,0.85,0.045,0,10.4,NA,NA,NA,NA,H,H,NA,NA,LN,NA,LN,K,K,K,K,NA,NA,NA,NA,NA,S,NA,NA,NA,S,NA,5,summer,pre,0.327
WI,2005,145,2005-05-25,0,1,1,NA,NA,NA,NA,NA,NA,NA,NA,11,NA,98,466,617,22,40,1719,NA,NA,NA,NA,0,0,0.63,0.034,0,4.09,NA,NA,NA,NA,NA,NA,NA,NA,NA,NA,L,NA,NA,L,NA,NA,NA,NA,NA,NA,S,S,NA,NA,S,NA,5,summer,pre,0.617
WI,2005,159,2005-06-08,0,1,1,NA,8.51,8.65,NA,45.44,45.73,7.48,7.11,8,NA,34,557,733,18,42,1566,NA,NA,NA,NA,0,0.05,0.6,0.036,0,3.79,NA,NA,NA,NA,H,H,NA,NA,NA,NA,NA,NA,NA,NA,NA,NA,NA,NA,NA,NA,S,NA,NA,NA,S,NA,6,summer,pre,0.733
WI,2005,173,2005-06-22,0,1,1,NA,NA,NA,NA,NA,NA,NA,NA,1,NA,23,464,739,17,46,3784,NA,NA,NA,NA,0,0,0.63,0.035,0.003,8.67,NA,NA,NA,NA,NA,NA,NA,NA,LNX,NA,NA,NA,NA,L,NA,NA,NA,NA,NA,NA,Q,Q,Q,Q,Q,Q,6,summer,pre,0.739
WI,2005,187,2005-07-06,0,1,1,NA,8.52,8.63,NA,NA,NA,NA,NA,5,NA,25,530,865,12,47,6155,NA,NA,NA,NA,0,0.027,1.03,0.053,0.002,14.1,NA,NA,NA,NA,NA,NA,NA,NA,LN,NA,LN,NA,NA,NA,NA,NA,NA,NA,NA,NA,S,R,NA,NA,R,NA,7,summer,pre,0.865
WI,2005,203,2005-07-22,0,1,1,NA,NA,NA,NA,NA,NA,NA,NA,3,NA,15,499,911,11,47,7556,NA,NA,NA,NA,0,0,1.08,0.069,0.004,NA,NA,NA,NA,NA,NA,NA,NA,NA,NA,NA,NA,NA,NA,NA,NA,NA,NA,NA,NA,NA,S,S,Q,NA,R,Q,7,summer,pre,0.911
WI,2005,216,2005-08-04,0,1,1,NA,8.76,8.79,3317,41.14,41.28,8.31,8.14,12,NA,5,559,834,10,43,8396,NA,NA,NA,NA,0,0,0.91,0.063,0.003,19,NA,NA,NA,NA,H,H,NA,NA,NA,NA,NA,E,NA,E,NA,NA,NA,NA,NA,NA,S,S,NA,NA,R,NA,8,summer,pre,0.834
WI,2005,228,2005-08-16,0,1,1,NA,NA,NA,NA,NA,NA,NA,NA,5,NA,26,497,754,9,35,8606,NA,NA,NA,NA,0,0,0.73,0.044,0.002,19.1,NA,NA,NA,NA,NA,NA,NA,NA,NA,NA,L,NA,NA,NA,NA,NA,NA,NA,NA,NA,Q,Q,Q,Q,Q,Q,8,summer,pre,0.754
WI,2005,243,2005-08-31,0,1,1,NA,8.89,8.81,NA,38.92,38.58,7.79,7.09,1,NA,4,501,910,7,44,8606,NA,NA,NA,NA,0,0,0.96,0.054,0,19.6,NA,NA,NA,NA,H,H,NA,NA,X,NA,NA,NA,NA,L,NA,NA,NA,NA,NA,NA,S,S,NA,NA,S,NA,8,summer,pre,0.91
WI,2005,272,2005-09-29,0,1,1,NA,9,8.79,NA,9.67,11.24,8.77,8.77,5,NA,13,465,911,10,51,8746,NA,NA,NA,NA,0,0,0.87,0.058,0.002,20.9,NA,NA,NA,NA,NA,NA,NA,NA,NA,NA,NA,NA,NA,NA,NA,NA,NA,NA,NA,NA,S,S,NA,NA,R,Q,9,summer,pre,0.911
WI,2006,128,2006-05-08,0,1,1,NA,NA,NA,NA,NA,NA,NA,NA,37,NA,91,641,783,15,40,1424,NA,NA,NA,NA,0.026,0.071,0.59,0.042,0,3.18,NA,NA,NA,NA,NA,NA,NA,NA,NA,NA,NL,NA,NA,NA,NA,NA,NA,NA,NA,NA,R,NA,NA,Q,S,NA,5,summer,pre,0.783
WI,2006,137,2006-05-17,0,1,1,NA,8.63,8.73,NA,45.68,46.53,5.35,5.54,43,NA,16,880,929,16,38,2090,NA,NA,NA,NA,0.019,0,0.74,0.042,0.002,4.07,NA,NA,NA,NA,H,H,NA,NA,NL,NA,NL,NA,NA,NA,NA,L,NA,NA,NA,NA,R,S,NA,NA,R,NA,5,summer,pre,0.929
WI,2006,152,2006-06-01,0,1,1,NA,NA,NA,NA,NA,NA,NA,NA,4,NA,34,539,746,11,30,2073,NA,NA,NA,NA,0,0,0.66,0.019,0.003,4.1,NA,NA,NA,NA,NA,NA,NA,NA,NL,NA,NL,NA,NA,NA,NA,NA,NA,NA,NA,NA,S,S,NA,Q,R,NA,6,summer,pre,0.746
WI,2006,165,2006-06-14,0,1,1,NA,8.89,8.77,NA,38.2,38.57,6.33,6.31,20,NA,10,515,856,11,43,3793,NA,NA,NA,NA,0,0,0.82,0.462,0,8.4,NA,NA,NA,NA,H,H,NA,NA,NA,NA,L,NA,NA,NL,NA,NA,NA,NA,NA,NA,S,S,NA,Q,S,NA,6,summer,pre,0.856
WI,2006,179,2006-06-28,0,1,1,NA,NA,NA,NA,NA,NA,NA,NA,2,NA,0,515,977,13,60,6360,NA,NA,NA,NA,0,0.018,1.02,0.069,0.002,14.7,NA,NA,NA,NA,NA,NA,NA,NA,NL,NA,X,NA,NA,NA,NA,NA,NA,NA,NA,NA,S,R,NA,NA,R,NA,6,summer,pre,0.977
WI,2006,193,2006-07-12,0,1,1,NA,8.75,8.58,NA,36.27,36.53,6.39,6.42,2,NA,8,478,1000,11,71,7581,NA,NA,NA,NA,0,0,1.08,0.081,0.002,16.7,NA,NA,NA,NA,H,H,NA,NA,L,NA,NA,NA,NA,NA,NA,NA,NA,NA,NA,NA,S,S,NA,NA,R,NA,7,summer,pre,1
WI,2006,207,2006-07-26,0,1,1,NA,NA,NA,NA,NA,NA,NA,NA,2,NA,8,501,1087,11,79,8193,NA,NA,NA,NA,0,0,0.84,0.086,0,17.9,NA,NA,NA,NA,NA,NA,NA,NA,L,NA,NA,NL,NA,NL,NA,NA,NA,NA,NA,NA,S,S,NA,NA,S,NA,7,summer,pre,1.087
WI,2006,221,2006-08-09,0,1,1,NA,8.99,8.91,3286,41.36,41.36,7.38,7.41,12,NA,19,484,998,15,80,8572,NA,NA,NA,NA,0,0,1.28,0.091,0.002,19.8,NA,NA,NA,NA,LH,H,NA,NA,NL,NA,NL,NA,NA,NA,NA,NA,NA,NA,NA,NA,S,S,NA,NA,R,NA,8,summer,pre,0.998
WI,2006,234,2006-08-22,0,1,1,NA,NA,NA,NA,NA,NA,NA,NA,2,NA,13,519,874,12,34,9431,NA,NA,NA,NA,0,0,1.06,0.045,0.005,22.1,NA,NA,NA,NA,NA,NA,NA,NA,NA,NA,L,NA,NA,NA,NA,NA,NA,NA,NA,NA,S,S,NA,NA,R,NA,8,summer,pre,0.874
WI,2006,257,2006-09-14,0,1,1,NA,8.77,8.51,NA,NA,NA,NA,NA,37,NA,14,519,990,11,53,8323,NA,NA,NA,NA,0,0,0.93,0.06,0.004,18.9,NA,NA,NA,NA,NA,NA,NA,NA,NL,NA,NL,NA,NA,NA,NA,NA,NA,NA,NA,NA,S,S,NA,NA,R,NA,9,summer,pre,0.99
WI,2007,123,2007-05-03,0,1,1,NA,NA,NA,NA,NA,NA,NA,NA,15,NA,46,529,814,9,41,1557,NA,NA,NA,NA,0,0.05,0.73,0.038,0.005,2.88,NA,NA,NA,NA,NA,NA,NA,NA,NA,NA,L,NA,NA,L,NA,NA,NA,NA,NA,NA,S,NA,NA,NA,R,NA,5,summer,pre,0.814
WI,2007,135,2007-05-15,0,1,1,NA,8.6,8.58,NA,39.99,40.09,4.97,4.65,17,NA,10,459,695,10,32,865,NA,NA,NA,NA,0,0,0.88,0.037,0,1.58,NA,NA,NA,NA,H,H,NA,NA,NA,NA,LN,NA,NA,NA,NA,NA,NA,NA,NA,NA,S,S,NA,NA,S,NA,5,summer,pre,0.695
WI,2007,150,2007-05-30,0,1,1,NA,NA,NA,NA,NA,NA,NA,NA,12,NA,0,441,729,8,29,861,NA,NA,NA,NA,0,0,0.78,0.033,0,1.78,NA,NA,NA,NA,NA,NA,NA,NA,NA,NA,X,NA,NA,NA,NA,NA,NA,NA,NA,NA,S,S,NA,NA,S,NA,5,summer,pre,0.729
WI,2007,164,2007-06-13,0,1,1,NA,8.65,8.51,NA,42.35,41.65,5.14,5.59,34,NA,42,579,683,9,29,3291,NA,NA,NA,NA,0,0,0.9,0.027,0.003,5.82,NA,NA,NA,NA,H,H,NA,NA,NA,NA,NA,L,NA,NA,NA,NA,NA,NA,NA,NA,S,S,NA,Q,R,NA,6,summer,pre,0.683
WI,2007,177,2007-06-26,0,1,1,NA,NA,NA,NA,NA,NA,NA,NA,32,NA,14,522,721,7,35,4471,NA,NA,NA,NA,0,0,0.72,0.036,0,8.8,NA,NA,NA,NA,NA,NA,NA,NA,NL,NA,NA,NL,NA,NA,NA,NA,NA,NA,NA,NA,S,S,NA,NA,S,NA,6,summer,pre,0.721
WI,2007,192,2007-07-11,0,1,1,NA,8.69,8.62,NA,38.78,39.35,5.75,5.72,4,NA,8,417,910,7,56,6077,NA,NA,NA,NA,0,0,1.09,0.064,0,11.9,NA,NA,NA,NA,H,H,NA,NA,NA,NA,NA,NA,NA,NA,NA,NA,NA,NA,NA,NA,S,S,NA,NA,Q,NA,7,summer,pre,0.91
WI,2007,205,2007-07-24,0,1,1,NA,NA,NA,NA,NA,NA,NA,NA,58,NA,4,524,928,8,51,7481,NA,NA,NA,NA,0,0,1.08,0.051,0,15.9,NA,NA,NA,NA,NA,NA,NA,NA,NLE,NA,NA,L,NA,NA,NA,NA,NA,NA,NA,NA,S,S,NA,NA,Q,NA,7,summer,pre,0.928
WI,2007,220,2007-08-08,0,1,1,NA,8.67,8.55,NA,32.56,30.76,6.25,5.87,1,NA,10,424,821,5,35,7668,NA,NA,NA,NA,0,0,0.89,0.038,0,16.3,NA,NA,NA,NA,H,H,NA,NA,X,NA,NA,NA,NA,NA,NA,NA,NA,NA,NA,NA,S,S,NA,NA,S,NA,8,summer,pre,0.821
WI,2007,233,2007-08-21,0,1,1,NA,NA,NA,NA,NA,NA,NA,NA,13,NA,7,548,942,9,49,7262,NA,NA,NA,NA,0,0.018,0.88,0.056,0,15.1,NA,NA,NA,NA,NA,NA,NA,NA,NL,NA,NL,L,E,NA,EL,E,NA,NA,NA,NA,S,R,NA,NA,S,NA,8,summer,pre,0.942
WI,2007,248,2007-09-05,0,1,1,NA,9.02,8.65,NA,31.92,32.86,6.12,6.2,579,NA,14,491,710,6,29,6319,NA,NA,NA,NA,0,0,0.72,0.035,0.004,13.4,NA,NA,NA,NA,KH,KH,NA,NA,NL,NA,LN,NA,NA,NA,NA,NA,NA,NA,NA,NA,Q,S,NA,NA,R,NA,9,summer,pre,0.71
WI,2008,134,2008-05-13,0,1,1,NA,8.4,8.48,NA,44.09,45.13,4.81,4.97,90,NA,105,587,626,29,39,1313,NA,NA,NA,NA,0.062,0.104,0.67,0.039,0.003,2.69,NA,NA,NA,NA,H,H,NA,NA,NA,NA,NA,NA,NA,NA,L,NA,NA,NA,NA,NA,NA,NA,NA,Q,R,NA,5,summer,post,0.626
WI,2008,191,2008-07-09,0,1,1,NA,8.87,8.79,NA,35.01,35.91,4.71,4.57,16,NA,0,222,448,15,42,3035,NA,NA,NA,NA,0,0,0.75,0.034,0,6.63,NA,NA,NA,NA,H,H,NA,NA,NA,NA,X,E,NA,EL,NA,NA,NA,NA,NA,NA,S,S,NA,NA,S,NA,7,summer,post,0.448
WI,2009,132,2009-05-12,0,1,1,NA,8.54,8.73,NA,41.47,41.37,3.83,4.08,243,NA,123,549,598,14,20,1271,NA,NA,NA,NA,0.029,0.074,0.67,0.027,0,2.59,NA,NA,NA,NA,H,H,NA,NA,NL,NA,NL,NA,NA,L,NA,NA,NA,NA,NA,NA,R,NA,NA,NA,S,NA,5,summer,post,0.598
WI,2009,147,2009-05-27,0,1,1,NA,NA,NA,NA,NA,NA,NA,NA,37,NA,135,428,656,4,27,1142,NA,NA,NA,NA,0,0.041,0.65,0.03,0,2.36,NA,NA,NA,NA,NA,NA,NA,NA,NL,NA,NL,E,NA,E,NA,NA,NA,NA,NA,NA,S,R,NA,NA,S,NA,5,summer,post,0.656
WI,2009,173,2009-06-22,0,1,1,NA,NA,NA,NA,NA,NA,NA,NA,23,NA,88,467,689,6,28,2413,NA,NA,NA,NA,0,0,0.65,0.031,0,5.18,NA,NA,NA,NA,NA,NA,NA,NA,N,NA,NL,NA,NA,NA,NA,NA,NA,NA,NA,NA,S,S,NA,NA,S,NA,6,summer,post,0.689
WI,2009,188,2009-07-07,0,1,1,NA,8.67,8.55,NA,37.42,40.45,4.98,5.19,191,NA,57,322,508,6,33,3582,NA,NA,NA,NA,0,0,0.76,0.034,0,7.63,NA,NA,NA,NA,H,H,NA,NA,NL,NA,NL,NA,E,NA,E,NA,NA,NA,NA,NA,S,S,NA,NA,S,NA,7,summer,post,0.508
WI,2009,202,2009-07-21,0,1,1,NA,NA,NA,NA,NA,NA,NA,NA,41,NA,21,403,759,5,31,4356,NA,NA,NA,NA,0,0,0.69,0.033,0,8.96,NA,NA,NA,NA,NA,NA,NA,NA,NA,NA,L,L,NA,L,NA,NA,NA,NA,NA,NA,S,S,NA,NA,S,Q,7,summer,post,0.759
WI,2009,215,2009-08-03,0,1,1,NA,8.54,8.64,3630,40.19,40.32,5.54,5.32,NA,NA,6,418,734,8,34,4667,NA,NA,NA,NA,0,0,0.74,0.04,0,9.74,NA,NA,NA,NA,H,H,NA,NA,NA,NA,NA,NA,NA,L,NA,NA,NA,NA,NA,NA,S,S,NA,NA,S,NA,8,summer,post,0.734
WI,2009,229,2009-08-17,0,1,1,NA,NA,NA,NA,NA,NA,NA,NA,26,NA,11,414,675,8,29,5147,NA,NA,NA,NA,0,0,0.66,0.029,0,11.2,NA,NA,NA,NA,NA,NA,NA,NA,L,NA,NA,NA,NA,NA,NA,NA,NA,NA,NA,NA,S,S,NA,NA,S,NA,8,summer,post,0.675
WI,2009,243,2009-08-31,0,1,1,NA,8.47,8.62,NA,37.97,37.84,5.09,7.29,36,NA,27,380,608,12,38,5626,NA,NA,NA,NA,0,0,0.65,0.024,0,12.3,NA,NA,NA,NA,H,H,NA,NA,L,NA,L,NA,NA,NA,L,NA,NA,NA,NA,NA,S,S,NA,NA,S,NA,8,summer,post,0.608
WI,2010,132,2010-05-12,0,1,1,NA,8.4,8.64,NA,44.06,44.49,1.78,1.43,57,NA,125,774,877,26,66,1474,NA,NA,NA,NA,0.04,0.123,0.72,0.046,0,3.13,NA,NA,NA,NA,H,H,NA,NA,NA,NA,NA,NA,NA,NA,NA,NA,NA,NA,NA,NA,NA,NA,NA,NA,S,NA,5,summer,post,0.877
WI,2010,146,2010-05-26,0,1,1,NA,NA,NA,NA,NA,NA,NA,NA,32,NA,49,494,706,18,31,113,NA,NA,NA,NA,0.032,0.031,0.8,0.029,0,0.219,NA,NA,NA,NA,NA,NA,NA,NA,NL,NA,NL,NL,N,N,N,NA,NA,NA,NA,NA,NA,NA,NA,NA,S,NA,5,summer,post,0.706
WI,2010,161,2010-06-10,0,1,1,NA,8.54,8.72,NA,38.47,39.76,10.24,6.85,28,NA,53,516,807,14,44,672,NA,NA,NA,NA,0,0.082,0.84,0.044,0,1.12,NA,NA,NA,NA,H,H,NA,NA,NA,NA,NA,N,NA,L,NA,NA,NA,NA,NA,NA,S,NA,NA,NA,S,NA,6,summer,post,0.807
WI,2010,173,2010-06-22,0,1,1,NA,NA,NA,NA,NA,NA,NA,NA,24,NA,28,505,615,12,41,893,NA,NA,NA,NA,0,0,0.77,0.05,0,1.63,NA,NA,NA,NA,NA,NA,NA,NA,L,NA,L,E,NA,NA,NA,NA,NA,NA,NA,NA,S,S,NA,NA,S,NA,6,summer,post,0.615
WI,2010,188,2010-07-07,0,1,1,NA,8.76,8.75,NA,36.36,35.01,5.22,2.5,7,NA,138,507,755,6,39,446,NA,NA,NA,NA,0,0,0.69,0.035,0,5.07,NA,NA,NA,NA,H,H,JL,NA,EL,NA,EL,N,N,N,NL,L,NA,NA,NA,NA,S,S,NA,NA,S,NA,7,summer,post,0.755
WI,2010,202,2010-07-21,0,1,1,NA,NA,NA,NA,NA,NA,NA,NA,5,NA,21,553,812,0,24,4418,NA,NA,NA,NA,0,0,0.8,0.032,0,9.62,NA,NA,NA,NA,NA,NA,NA,NA,L,NA,L,NA,E,X,E,NA,NA,NA,NA,NA,S,S,NA,NA,S,NA,7,summer,post,0.812
WI,2010,217,2010-08-05,0,1,1,NA,8.84,8.78,2996,33.01,33.16,5.07,4.93,6,NA,14,777,777,0,12,6031,NA,NA,NA,NA,0,0,0.85,0.032,0.002,11.5,NA,NA,NA,NA,H,H,NA,NA,L,NA,L,N,N,X,N,NA,NA,NA,NA,NA,S,S,NA,NA,NA,NA,8,summer,post,0.777
WI,2010,229,2010-08-17,0,1,1,NA,NA,NA,NA,NA,NA,NA,NA,2,NA,9,469,905,0,37,5092,NA,NA,NA,NA,0,0,0.94,0.052,0.002,13,NA,NA,NA,NA,NA,NA,NA,NA,NA,NA,NA,NA,EN,X,EL,NA,NA,NA,NA,NA,S,S,NA,NA,NA,NA,8,summer,post,0.905
WI,2010,243,2010-08-31,0,1,1,NA,8.74,8.73,NA,37.05,40.51,5.13,4.44,56,NA,43,464,892,0,16,6167,NA,NA,NA,NA,0,0,1.01,0.036,0,15,NA,NA,NA,NA,H,H,NA,NA,NL,NA,NL,NA,NA,X,NA,NA,NA,NA,NA,NA,S,S,NA,NA,S,NA,8,summer,post,0.892
WI,2011,124,2011-05-04,0,1,1,NA,NA,NA,NA,NA,NA,NA,NA,13,NA,10,332,542,6,28,2264,NA,NA,NA,NA,0,0,0.48,0.032,0,3.49,NA,NA,NA,NA,NA,NA,NA,NA,L,NA,NA,NA,NA,NA,NA,E,NA,NA,NA,NA,S,S,NA,NA,S,NA,5,summer,post,0.542
WI,2011,138,2011-05-18,0,1,1,NA,8.28,8.47,4300,46.64,46.9,4.13,3.95,42,NA,19,406,605,6,28,2063,NA,NA,NA,NA,0.023,0.016,0.56,0.031,0,3.05,NA,NA,NA,H,H,H,NA,NA,L,NA,L,J,J,J,L,J,NA,NA,NA,NA,NA,NA,NA,NA,S,NA,5,summer,post,0.605
WI,2011,152,2011-06-01,0,1,1,NA,NA,NA,NA,NA,NA,NA,NA,0,NA,0,594,576,7,11,1498,NA,NA,NA,NA,0,0,0.6,0.038,0,2.08,NA,NA,NA,NA,NA,NA,NA,NA,X,NA,X,L,L,L,L,E,NA,NA,NA,NA,S,S,NA,NA,S,NA,6,summer,post,0.576
WI,2011,166,2011-06-15,0,1,1,NA,8.46,8.58,NA,38.95,38.81,4.32,4.42,6,NA,18,451,547,0,0,1722,NA,NA,NA,NA,0,0.019,0.85,0.042,0,2.73,NA,NA,NA,NA,H,H,NA,NA,L,NA,L,NA,NA,X,X,E,NA,NA,NA,NA,S,NA,NA,NA,S,NA,6,summer,post,0.547
WI,2011,179,2011-06-28,0,1,1,NA,NA,NA,NA,NA,NA,NA,NA,12,NA,21,403,568,0,2,1780,NA,NA,NA,NA,NA,NA,NA,NA,NA,NA,NA,NA,NA,NA,NA,NA,NA,NA,L,NA,L,NA,NA,X,LX,NA,NA,NA,NA,NA,NA,NA,NA,NA,NA,NA,6,summer,post,0.568
WI,2011,194,2011-07-13,0,1,1,NA,8.56,8.58,NA,NA,NA,NA,NA,38,NA,15,422,633,10,50,1671,NA,NA,NA,NA,0,0,0.77,0.031,0,2.84,NA,NA,NA,NA,NA,NA,NA,NA,L,NA,L,NA,NA,NA,L,NA,NA,NA,NA,NA,S,S,NA,NA,S,NA,7,summer,post,0.633
WI,2011,207,2011-07-26,0,1,1,NA,NA,NA,NA,NA,NA,NA,NA,78,NA,15,473,619,0,22,1954,NA,NA,NA,NA,0,0.032,0.58,0.027,0,3.92,NA,NA,NA,NA,NA,NA,NA,NA,L,NA,NA,NA,NA,LX,L,NA,NA,NA,NA,NA,S,NA,NA,NA,S,NA,7,summer,post,0.619
WI,2011,222,2011-08-10,0,1,1,NA,8.64,8.63,3082,NA,NA,NA,NA,15,NA,58,463,756,0,0,2622,NA,NA,NA,NA,0,0.09,1.16,0.037,0.002,6.1,NA,NA,NA,NA,NA,NA,NA,NA,L,NA,NA,NA,NA,X,X,L,NA,NA,NA,NA,S,NA,NA,NA,NA,NA,8,summer,post,0.756
WI,2011,235,2011-08-23,0,1,1,NA,NA,NA,NA,NA,NA,NA,NA,35,NA,44,560,724,10,26,4291,NA,NA,NA,NA,0.037,0.061,0.92,0.031,0,7.95,NA,NA,NA,NA,NA,NA,NA,NA,L,NA,NA,NA,NA,NA,NA,E,NA,NA,NA,NA,NA,NA,NA,NA,S,NA,8,summer,post,0.724
WI,2011,258,2011-09-15,0,1,1,NA,8.81,8.77,NA,NA,NA,NA,NA,395,NA,67,428,602,0,16,4164,NA,NA,NA,NA,0,0,0.8,0.029,0,8.4,NA,NA,NA,NA,NA,NA,NA,NA,L,NA,L,NA,NA,X,NA,NA,NA,NA,NA,NA,S,S,NA,NA,S,NA,9,summer,post,0.602
WI,2012,124,2012-05-03,0,1,1,NA,NA,NA,NA,NA,NA,NA,NA,4,NA,7,657,645,11,12,295,NA,NA,NA,NA,0.021,0,0.58,0.025,0,0.62,NA,NA,NA,NA,NA,NA,NA,NA,L,NA,L,NA,NA,NA,NA,NA,NA,NA,NA,NA,NA,S,NA,NA,S,NA,5,summer,post,0.645
WI,2012,138,2012-05-17,0,1,1,NA,8.74,8.66,NA,NA,NA,NA,NA,12,NA,283,293,341,0,1,165,NA,NA,NA,NA,0,0.017,0.62,0.019,0,0.354,NA,NA,NA,NA,NA,NA,NA,NA,NL,NA,NL,NA,NA,X,X,NA,NA,NA,NA,NA,S,NA,NA,NA,S,NA,5,summer,post,0.341
WI,2012,151,2012-05-30,0,1,1,NA,NA,NA,NA,NA,NA,NA,NA,21,NA,34,402,500,12,31,674,NA,NA,NA,NA,0,0.041,0.69,0.035,0.003,1.55,NA,NA,NA,NA,NA,NA,NA,NA,NL,NA,N,N,N,NL,N,NA,NA,NA,NA,NA,S,NA,NA,NA,NA,NA,5,summer,post,0.5
WI,2012,165,2012-06-13,0,1,1,NA,8.83,8.65,NA,34.86,35.25,4.85,4.67,7,NA,12,310,386,0,8,913,NA,NA,NA,NA,0,0.016,0.71,0.031,0,1.94,NA,NA,NA,NA,LH,LH,NA,NA,N,NA,N,NA,NA,X,NA,NA,NA,NA,NA,NA,S,NA,NA,NA,S,NA,6,summer,post,0.386
WI,2012,178,2012-06-26,0,1,1,NA,NA,NA,NA,NA,NA,NA,NA,8,NA,12,417,494,3,20,1585,NA,NA,NA,NA,0,0,0.79,0.036,0,3.32,NA,NA,NA,NA,NA,NA,NA,NA,NL,NA,NL,NA,NA,NA,NA,NA,NA,NA,NA,NA,S,S,NA,NA,S,NA,6,summer,post,0.494
WI,2012,194,2012-07-12,0,1,1,NA,9.2,9.01,NA,33.78,34.45,5.44,5.23,10,NA,25,590,726,2,17,1936,NA,NA,NA,NA,0.042,0.03,0.72,0.025,0.002,4.38,NA,NA,NA,NA,H,H,NA,NA,NL,NA,N,NA,NA,X,NA,E,NA,NA,NA,NA,NA,NA,NA,NA,NA,NA,7,summer,post,0.726
WI,2012,206,2012-07-24,0,1,1,NA,NA,NA,NA,NA,NA,NA,NA,24,NA,25,289,352,11,29,1654,NA,NA,NA,NA,0,0,0.7,0.036,0,3.6,NA,NA,NA,NA,NA,NA,NA,NA,NL,NA,NL,L,NA,NA,NA,NA,NA,NA,NA,NA,S,S,NA,NA,S,NA,7,summer,post,0.352
WI,2012,221,2012-08-08,0,1,1,NA,8.77,8.77,3059,31.14,32.25,5.69,5.14,NA,NA,NA,475,640,11,32,2334,NA,NA,NA,NA,0,0,0.68,0.029,0,5.52,NA,NA,NA,NA,GH,GH,G,G,NA,NA,NA,N,N,N,N,NA,NA,NA,NA,NA,S,S,NA,NA,S,NA,8,summer,post,0.64
WI,2012,237,2012-08-24,0,1,1,NA,NA,NA,NA,NA,NA,NA,NA,0,NA,2,302,401,2,7,3453,NA,NA,NA,NA,0,0,0.78,0.025,0,7.49,NA,NA,NA,NA,NA,NA,NA,NA,X,NA,X,NA,NA,X,NA,NA,NA,NA,NA,NA,S,S,NA,NA,S,NA,8,summer,post,0.401
WI,2012,249,2012-09-05,0,1,1,NA,8.31,8.58,NA,38.97,47.57,6.51,5.86,3,NA,30,331,474,4,7,4160,NA,NA,NA,NA,0,0.022,0.72,0.03,0,9.36,NA,NA,NA,NA,GH,GH,G,G,NA,NA,L,NA,NA,NA,NA,NA,NA,NA,NA,NA,S,NA,NA,NA,S,NA,9,summer,post,0.474
WI,2013,135,2013-05-15,0,1,1,NA,8.7,8.51,NA,38.93,44.74,6.87,6.97,2,NA,5,380,527,12,35,765,NA,NA,NA,NA,0,0,0.68,0.03,0,1.79,NA,NA,NA,NA,H,H,NA,NA,NA,NA,NA,NA,NA,NA,NA,E,NA,NA,NA,NA,S,S,Q,Q,S,Q,5,summer,post,0.527
WI,2013,149,2013-05-29,0,1,1,NA,NA,NA,NA,NA,NA,NA,NA,24,NA,90,443,488,15,27,960,NA,NA,NA,NA,0,0.18,0.63,0.03,0.01,2.19,NA,NA,NA,NA,NA,NA,NA,NA,NA,NA,NA,NA,NA,NA,NA,NA,NA,NA,NA,NA,S,Q,Q,Q,Q,Q,5,summer,post,0.488
WI,2013,163,2013-06-12,0,1,1,NA,8.71,8.65,NA,31.63,35.64,5.63,5.47,7,NA,8,381,626,10,31,514,NA,NA,NA,NA,0,0,0.86,0.04,0,1.08,NA,NA,NA,NA,H,H,NA,NA,NA,NA,NA,NA,NA,NA,NA,NA,NA,NA,NA,NA,S,S,Q,Q,S,Q,6,summer,post,0.626
WI,2013,175,2013-06-24,0,1,1,NA,NA,NA,NA,NA,NA,NA,NA,4,NA,12,422,1049,12,59,1544,NA,NA,NA,NA,0,0,1.31,0.04,0,3.71,NA,NA,NA,NA,NA,NA,NA,NA,L,NA,L,NA,NL,NA,NL,NA,NA,NA,NA,NA,S,S,Q,Q,S,Q,6,summer,post,1.049
WI,2013,191,2013-07-10,0,1,1,NA,9.12,9.09,NA,32.47,34.6,4.75,4.94,5,NA,1,395,1125,16,76,1932,NA,NA,NA,NA,0,0,1.09,0.07,0,4.92,NA,NA,NA,NA,H,H,K,K,NA,NA,X,NA,N,N,N,NA,NA,NA,NA,NA,S,S,Q,Q,S,Q,7,summer,post,1.125
WI,2013,203,2013-07-22,0,1,1,NA,NA,NA,NA,NA,NA,NA,NA,17,NA,9,353,594,6,50,3694,NA,NA,NA,NA,0,0,1.29,0.06,0.01,7.95,NA,NA,NA,NA,NA,NA,NA,NA,N,NA,L,NA,NL,NA,N,NA,NA,NA,NA,NA,S,S,Q,Q,Q,Q,7,summer,post,0.594
WI,2013,220,2013-08-08,0,1,1,NA,8.8,8.76,4162,30.09,30.07,5.64,6.18,3,NA,8,398,1140,9,53,4130,NA,NA,NA,NA,NA,NA,NA,NA,NA,NA,NA,NA,NA,H,H,H,NA,NA,NA,NA,NA,NA,N,NA,N,E,NA,NA,NA,NA,NA,NA,NA,NA,NA,NA,8,summer,post,1.14
WI,2013,231,2013-08-19,0,1,1,NA,NA,NA,NA,NA,NA,NA,NA,103,NA,10,597,812,8,27,4081,NA,NA,NA,NA,0,0,1.04,0.03,0,9.58,NA,NA,NA,NA,NA,NA,NA,NA,NL,NA,N,NA,N,NA,NA,NA,NA,NA,NA,NA,S,S,Q,Q,S,Q,8,summer,post,0.812
WI,2013,252,2013-09-09,0,1,1,NA,8.49,8.47,NA,30.45,36.07,NA,NA,1,NA,4,586,793,9,31,4727,NA,NA,NA,NA,NA,NA,NA,NA,NA,NA,NA,NA,NA,NA,H,H,NA,NA,NLX,NA,NA,NA,E,NA,E,NA,NA,NA,NA,NA,NA,NA,NA,NA,NA,NA,9,summer,post,0.793
WI,2014,122,2014-05-02,0,1,1,NA,7.82,8.11,4218,54.91,45.73,4.22,4.66,40,NA,66,440,696,9,39,498,NA,NA,NA,NA,0.02,0.07,0.7,0.04,0,0.86,NA,NA,NA,H,LH,H,NA,NA,NA,NA,NA,NA,NA,NA,NA,NA,NA,NA,NA,NA,Q,Q,Q,Q,S,Q,5,summer,post,0.696
WI,2014,135,2014-05-15,0,1,1,NA,7.95,7.96,NA,41.9,48.16,5.29,4.31,26,NA,44,458,722,9,47,712,NA,NA,NA,NA,0,0.02,0.73,0.05,0,1.42,NA,NA,NA,NA,H,H,NA,NA,NA,NA,NA,NA,NA,NA,NA,NA,NA,NA,NA,NA,S,NA,NA,NA,S,Q,5,summer,post,0.722
WI,2014,154,2014-06-03,0,1,1,NA,NA,NA,NA,NA,NA,NA,NA,31,NA,21,485,979,14,54,477,NA,NA,NA,NA,0,0,0.71,0.04,0,NA,NA,NA,NA,NA,NA,NA,NA,NA,L,NA,L,NA,L,NA,L,L,NA,NA,NA,NA,S,S,NA,NA,S,NA,6,summer,post,0.979
WI,2014,163,2014-06-12,0,1,1,NA,7.89,7.75,NA,41.83,39.09,5.76,5.97,8,NA,16,520,665,22,45,1013,NA,NA,NA,NA,0,0,0.82,0.05,0,NA,NA,NA,NA,NA,H,H,NA,NA,NA,NA,NA,NA,NA,NA,NA,L,NA,NA,NA,NA,S,S,NA,NA,S,NA,6,summer,post,0.665
WI,2014,175,2014-06-24,0,1,1,NA,NA,NA,NA,NA,NA,NA,NA,19,NA,26,633,848,15,42,2105,NA,NA,NA,NA,0,0,0.72,0.04,0.01,NA,NA,NA,NA,NA,NA,NA,NA,NA,L,NA,L,L,NA,NA,L,NA,NA,NA,NA,NA,S,S,NA,NA,NA,NA,6,summer,post,0.848
WI,2014,191,2014-07-10,0,1,1,NA,8.64,8.63,NA,35.03,35.92,5.06,5.04,7,NA,15,423,527,14,43,2653,NA,NA,NA,NA,0,0.03,0.88,0.05,0,NA,NA,NA,NA,NA,H,H,NA,NA,L,NA,NA,NA,L,NA,NA,NA,NA,NA,NA,NA,S,NA,NA,NA,S,NA,7,summer,post,0.527
WI,2014,204,2014-07-23,0,1,1,NA,NA,NA,NA,NA,NA,NA,NA,2,NA,8,465,690,8,28,3565,NA,NA,NA,NA,0,0.03,0.81,0.03,0,NA,NA,NA,NA,NA,NA,NA,NA,NA,L,NA,NA,NA,NA,NA,NA,NA,NA,NA,NA,NA,S,NA,NA,NA,S,NA,7,summer,post,0.69
WI,2014,218,2014-08-06,0,1,1,NA,8.69,8.61,3073,37.78,35.84,5.2,5.66,29,NA,10,452,628,5,22,2607,NA,NA,NA,NA,0,0,0.71,0.03,0,6.79,NA,NA,NA,NA,H,H,NA,NA,L,NA,NA,NA,NA,NA,NA,NA,NA,NA,NA,NA,S,S,NA,NA,S,NA,8,summer,post,0.628
WI,2014,231,2014-08-19,0,1,1,NA,NA,NA,NA,NA,NA,NA,NA,2,NA,12,440,695,2,10,3110,NA,NA,NA,NA,0,0,0.9,0.03,0,7.84,NA,NA,NA,NA,NA,NA,NA,NA,L,NA,NA,NA,L,X,NA,NA,NA,NA,NA,NA,S,S,Q,Q,S,Q,8,summer,post,0.695
WI,2014,251,2014-09-08,0,1,1,NA,8.53,8.54,NA,37.04,37.79,5.54,6.01,1,NA,15,487,787,9,42,3305,NA,NA,NA,NA,0,0,0.88,0.04,0,8.44,NA,NA,NA,NA,H,H,NA,NA,X,NA,L,NA,NA,NA,NA,NA,NA,NA,NA,NA,S,S,NA,NA,S,NA,9,summer,post,0.787
WI,2014,273,2014-09-30,0,1,1,NA,8.58,8.54,NA,40.09,42.34,5.18,5.2,10,NA,12,473,647,11,28,2956,NA,NA,NA,NA,NA,NA,NA,NA,NA,NA,NA,NA,NA,NA,H,H,NA,NA,L,NA,L,NA,NA,NA,NA,NA,NA,NA,NA,NA,NA,NA,NA,NA,NA,NA,9,summer,post,0.647
WI,2015,132,2015-05-12,0,1,1,NA,8.29,8.38,NA,56.63,41.87,5.51,6.1,16,NA,54,589,775,13,41,592,NA,NA,NA,0.794,0,0.026,NA,0.042,0.002,NA,NA,NA,NA,NA,LH,LH,NA,NA,N,NA,N,NA,NA,NA,NA,NA,NA,NA,NA,NA,S,NA,NA,NA,Q,NA,5,summer,post,0.775
WI,2015,148,2015-05-28,0,1,1,NA,NA,NA,NA,NA,NA,NA,NA,1,NA,9,569,726,19,43,790,NA,NA,NA,0.722,0,0,NA,0.043,0,NA,NA,NA,NA,NA,NA,NA,NA,NA,X,NA,NA,NA,NA,NA,NA,NA,NA,NA,NA,NA,S,S,NA,NA,S,NA,5,summer,post,0.726
WI,2015,162,2015-06-11,0,1,1,NA,8.74,8.72,NA,37.79,38.83,5.05,6.16,4,NA,15,548,730,9,36,541,NA,NA,NA,0.752,0,0,NA,0.041,0,NA,NA,NA,NA,NA,H,H,NA,NA,NA,NA,L,NA,NA,NA,NA,NA,NA,NA,NA,NA,S,S,NA,NA,S,NA,6,summer,post,0.73
WI,2015,175,2015-06-24,0,1,1,NA,NA,NA,NA,NA,NA,NA,NA,NA,NA,NA,517,697,7,30,1036,NA,NA,NA,0.701,0,0,NA,0.03,0,NA,NA,NA,NA,NA,NA,NA,NA,NA,NA,NA,NA,NA,NA,L,NA,NA,NA,NA,NA,Q,S,S,NA,NA,S,NA,6,summer,post,0.697
WI,2015,191,2015-07-10,0,1,1,NA,9.05,9.09,NA,36.23,37.23,5.96,6.83,3,NA,12,542,785,9,37,1427,NA,NA,NA,0.715,0,0,NA,0.031,0,3.03,NA,NA,NA,NA,H,H,NA,NA,NA,NA,NA,NA,NA,NA,NA,NA,NA,NA,NA,NA,S,S,NA,NA,S,NA,7,summer,post,0.785
WI,2015,204,2015-07-23,0,1,1,NA,NA,NA,NA,NA,NA,NA,NA,NA,NA,NA,619,716,18,27,1873,NA,NA,NA,0.695,0,0,0.93,0.032,0,NA,NA,NA,NA,NA,NA,NA,NA,NA,NA,NA,NA,NA,NA,N,NA,NA,NA,NA,NA,NA,S,S,NA,NA,S,NA,7,summer,post,0.716
WI,2015,217,2015-08-05,0,1,1,NA,8.94,8.93,3281,28.35,29.53,5.9,6.47,NA,NA,NA,453,671,9,25,2819,NA,NA,NA,0.682,0,0,0.84,0.023,0,5.63,NA,NA,NA,NA,NA,NA,NA,NA,NA,NA,NA,NA,NA,NA,NA,NA,NA,NA,NA,NA,S,S,NA,NA,S,NA,8,summer,post,0.671
WI,2015,229,2015-08-17,0,1,1,NA,NA,NA,NA,NA,NA,NA,NA,NA,NA,NA,536,877,11,23,2504,NA,NA,NA,0.797,0,0.019,NA,0.027,0,NA,NA,NA,NA,NA,NA,NA,NA,NA,NA,NA,NA,NA,NA,NA,NA,NA,NA,NA,NA,NA,S,NA,NA,NA,S,NA,8,summer,post,0.877
WI,2015,251,2015-09-08,0,1,1,NA,8.51,8.56,NA,29.92,30.68,6.2,6.37,15,NA,25,494,741,8,29,1380,NA,NA,NA,0.729,0,0,NA,0.032,0,2.87,NA,NA,NA,NA,NA,H,NA,NA,NL,NA,NL,NA,N,NA,NA,NA,NA,NA,NA,NA,S,S,NA,NA,S,NA,9,summer,post,0.741
WI,2016,137,2016-05-16,0,1,1,NA,8.56,8.49,NA,48.29,48.8,5.72,6.13,14,NA,13,518,910,7,41,849,NA,NA,NA,0.737,0,0.017,NA,0.044,0,NA,NA,NA,NA,NA,H,H,NA,NA,NA,NA,NA,N,N,NA,N,NA,NA,NA,NA,NA,S,NA,NA,NA,S,NA,5,summer,post,0.91
WI,2016,146,2016-05-25,0,1,1,NA,NA,NA,NA,NA,NA,NA,NA,7,NA,13,452,639,13,31,139,NA,NA,NA,0.705,0,0,NA,0.032,0,NA,NA,NA,NA,NA,NA,NA,NA,NA,NA,NA,NA,NA,NA,NA,NA,NA,NA,NA,NA,NA,S,S,NA,NA,S,NA,5,summer,post,0.639
WI,2016,161,2016-06-09,0,1,1,NA,8.54,8.64,NA,40.33,41.29,5.23,5.68,12,NA,35,461,725,12,33,501,NA,NA,NA,0.655,0,0,NA,0.032,0.003,NA,NA,NA,NA,NA,H,H,NA,NA,N,NA,NA,NA,L,NA,NA,NA,NA,NA,NA,NA,S,S,NA,NA,NA,NA,6,summer,post,0.725
WI,2016,173,2016-06-21,0,1,1,NA,NA,NA,NA,NA,NA,NA,NA,6,NA,10,475,570,15,30,917,NA,NA,NA,0.626,0,0.023,NA,0.034,0,NA,NA,NA,NA,NA,NA,NA,NA,NA,N,NA,N,NA,NA,NA,NA,NA,NA,NA,NA,NA,S,NA,NA,NA,S,NA,6,summer,post,0.57
WI,2016,189,2016-07-07,0,1,1,NA,8.93,8.75,NA,34.1,34.71,5.55,5.68,8,NA,22,478,835,15,41,208,NA,NA,NA,0.736,0,0,NA,0.041,0,0.245,NA,NA,NA,NA,H,H,NA,NA,NA,NA,N,NA,NA,NA,NA,NA,NA,NA,NA,NA,S,S,NA,NA,S,NA,7,summer,post,0.835
WI,2016,202,2016-07-20,0,1,1,NA,NA,NA,NA,NA,NA,NA,NA,4,NA,12,483,726,10,31,800,NA,NA,NA,0.96,0,0.018,NA,0.033,0,NA,NA,NA,NA,NA,NA,NA,NA,NA,N,NA,NA,N,N,N,N,NA,NA,NA,NA,NA,S,NA,NA,NA,S,NA,7,summer,post,0.726
WI,2016,216,2016-08-03,0,1,1,NA,9,8.92,2694,28.24,29.02,5.82,6.19,11,NA,7,469,649,15,41,1024,NA,NA,NA,0.693,0,0,NA,0.039,0.002,2.06,NA,NA,NA,NA,NA,NA,NA,NA,NL,NA,E,NA,NA,NA,NA,NA,NA,NA,NA,NA,S,S,NA,NA,Q,NA,8,summer,post,0.649
WI,2016,230,2016-08-17,0,1,1,NA,NA,NA,NA,NA,NA,NA,NA,2,NA,8,470,654,13,37,2025,NA,NA,NA,0.686,0,0,NA,0.043,0,NA,NA,NA,NA,NA,NA,NA,NA,NA,NL,NA,NL,NA,NA,NA,NA,NA,NA,NA,NA,NA,S,S,NA,NA,S,NA,8,summer,post,0.654
WI,2016,252,2016-09-08,0,1,1,NA,NA,NA,NA,37.89,38.98,5.69,5.96,12,NA,15,467,809,16,51,2905,NA,NA,NA,0.855,0,0,NA,0.06,0.002,7.26,NA,NA,NA,NA,H,H,NA,NA,NA,NA,NL,NL,NA,NA,NA,NA,NA,NA,NA,NA,S,S,NA,NA,NA,NA,9,summer,post,0.809
WI,2016,273,2016-09-29,0,1,1,NA,8.3,8.34,NA,41.49,42.43,5.73,6.24,5,NA,11,498,821,10,41,3454,NA,NA,NA,0.938,0,0,NA,0.049,0.004,NA,NA,NA,NA,NA,H,H,NA,NA,NA,NA,NA,NA,NA,NA,NA,NA,NA,NA,NA,NA,S,S,NA,NA,NA,NA,9,summer,post,0.821
WI,2017,124,2017-05-04,0,1,1,NA,NA,NA,NA,NA,NA,NA,NA,8,NA,10,430,683,10,43,2192,NA,NA,NA,0.724,0,0,NA,0.038,0.003,5.04,NA,NA,NA,NA,NA,NA,NA,NA,NA,NA,N,NA,NA,NA,NA,NA,NA,NA,NA,NA,S,S,NA,NA,NA,NA,5,summer,post,0.683
WI,2017,138,2017-05-18,0,1,1,NA,8.85,8.9,NA,46.93,48.02,6.32,5.75,32,NA,11,469,683,14,43,87,NA,NA,NA,0.678,0,0,NA,0.047,0.003,NA,NA,NA,NA,NA,H,H,NA,NA,NL,NA,NA,NA,NA,NA,NA,NL,NA,NA,NA,NA,S,S,NA,NA,Q,NA,5,summer,post,0.683
WI,2017,152,2017-06-01,0,1,1,NA,NA,NA,NA,NA,NA,NA,NA,20,NA,17,485,716,17,49,521,NA,NA,NA,0.811,0,0,NA,0.051,0.018,NA,NA,NA,NA,NA,NA,NA,NA,NA,NA,NA,N,NA,NA,NA,NA,NA,NA,NA,NA,NA,S,S,NA,NA,NA,NA,6,summer,post,0.716
WI,2017,165,2017-06-14,0,1,1,NA,8.84,8.89,NA,42.22,43.05,6.18,6.25,4,NA,12,476,636,14,33,1188,NA,NA,NA,0.683,0,0.016,NA,0.039,0.016,NA,NA,NA,NA,NA,H,H,NA,NA,NA,NA,NA,NA,NL,N,NL,NA,NA,NA,NA,NA,S,NA,NA,NA,NA,NA,6,summer,post,0.636
WI,2017,178,2017-06-27,0,1,1,NA,NA,NA,NA,NA,NA,NA,NA,7,NA,10,454,704,16,58,4104,NA,NA,NA,0.777,0.021,0.017,NA,0.058,0.003,NA,NA,NA,NA,NA,NA,NA,NA,NA,NA,NA,N,NA,NA,NA,NA,E,NA,NA,NA,NA,NA,NA,NA,NA,Q,NA,6,summer,post,0.704
WI,2017,193,2017-07-12,0,1,1,NA,8.95,8.82,NA,33.72,34.47,5.3,5.41,9,NA,11,638,876,18,74,3171,NA,NA,NA,0.864,0,0.02,NA,0.033,0.004,7.03,NA,NA,NA,NA,H,H,NA,NA,NL,NA,N,NL,E,NL,E,NA,NA,NA,NA,NA,S,NA,NA,NA,NA,NA,7,summer,post,0.876
WI,2017,207,2017-07-26,0,1,1,NA,NA,NA,NA,NA,NA,NA,NA,13,NA,12,463,870,20,71,3387,NA,NA,NA,1.01,0,0.017,NA,0.071,0.004,NA,NA,NA,NA,NA,NA,NA,NA,NA,NL,NA,NL,NA,E,NA,E,NA,NA,NA,NA,NA,S,NA,NA,NA,NA,NA,7,summer,post,0.87
WI,2017,221,2017-08-09,0,1,1,NA,9.14,8.91,2880,32.14,34.48,6.3,6.25,7,NA,29,524,1372,17,74,4252,NA,NA,NA,1.48,0,0.023,NA,0.077,0.003,8.85,NA,NA,NA,NA,H,H,NA,NA,NA,NA,L,NA,NA,NA,NA,NA,NA,NA,NA,NA,S,NA,NA,NA,NA,NA,8,summer,post,1.372
WI,2017,233,2017-08-21,0,1,1,NA,NA,NA,NA,NA,NA,NA,NA,22,NA,13,526,1155,18,62,4899,NA,NA,NA,1.15,0,0.019,NA,0.059,0.003,NA,NA,NA,NA,NA,NA,NA,NA,NA,NA,NA,NA,NA,NA,NA,NA,NA,NA,NA,NA,NA,S,NA,NA,NA,Q,NA,8,summer,post,1.155
WI,2017,251,2017-09-08,0,1,1,NA,8.77,8.86,NA,45.01,43.06,6.32,6.34,12,NA,9,746,1243,11,64,6055,NA,NA,NA,1.29,0,0,NA,0.066,0.002,13.1,NA,NA,NA,NA,H,H,NA,NA,N,NA,NA,NL,NA,N,NA,NA,NA,NA,NA,NA,S,S,NA,NA,Q,NA,9,summer,post,1.243
WI,2018,136,2018-05-16,0,1,1,NA,8.77,8.94,NA,45.97,46.91,5,5.22,12,NA,6,477,710,15,48,2325,NA,NA,NA,0.646,0,0,NA,0.038,0,NA,NA,NA,NA,NA,H,H,NA,NA,NA,NA,NA,NA,N,NA,NL,NA,NA,NA,NA,NA,S,S,NA,NA,S,NA,5,summer,post,0.71
WI,2018,151,2018-05-31,0,1,1,NA,NA,NA,NA,NA,NA,NA,NA,12,NA,2,518,682,19,32,2509,NA,NA,NA,0.625,0,0,NA,0.033,0,NA,NA,NA,NA,NA,NA,NA,NA,NA,N,NA,X,NA,NA,N,NA,NA,NA,NA,NA,NA,S,S,NA,NA,S,NA,5,summer,post,0.682
WI,2018,165,2018-06-14,0,1,1,NA,8.98,9.01,NA,41.64,42.41,5.67,6.03,10,NA,13,552,731,19,48,3313,NA,NA,NA,0.808,0,0,NA,0.051,0.002,6.73,NA,NA,NA,NA,H,H,NA,NA,NA,NA,N,NA,NA,NA,NA,NA,NA,NA,NA,NA,S,S,NA,NA,NA,NA,6,summer,post,0.731
WI,2018,179,2018-06-28,0,1,1,NA,NA,NA,NA,NA,NA,NA,NA,108,NA,14,469,671,15,42,324,NA,NA,NA,0.908,0,0.023,NA,0.047,0,NA,NA,NA,NA,NA,NA,NA,NA,NA,NL,NA,L,NA,NA,NA,NA,NA,NA,NA,NA,NA,S,NA,NA,NA,S,NA,6,summer,post,0.671
WI,2018,194,2018-07-13,0,1,1,NA,8.93,8.92,NA,33.97,34.26,5.56,5.61,6,NA,13,434,765,13,46,2100,NA,NA,NA,0.988,0,0,NA,0.044,0,4.63,NA,NA,NA,NA,H,H,NA,NA,L,NA,L,N,NA,NA,N,NA,NA,NA,NA,NA,S,S,NA,NA,S,NA,7,summer,post,0.765
WI,2018,205,2018-07-24,0,1,1,NA,NA,NA,NA,NA,NA,NA,NA,17,NA,10,410,855,9,47,1928,NA,NA,NA,1.06,0,0,NA,0.049,0,4.78,NA,NA,NA,NA,NA,NA,NA,NA,NL,NA,NA,NA,NA,NA,NA,NA,NA,NA,NA,NA,S,S,NA,NA,S,NA,7,summer,post,0.855
WI,2018,221,2018-08-09,0,1,1,NA,8.85,8.91,3128,35.59,36.68,5.46,5.69,22,NA,11,498,1072,9,43,1721,NA,NA,NA,1.07,0,0,NA,0.045,0,3.6,NA,NA,NA,NA,H,H,NA,NA,NL,NA,N,NA,NA,NA,NA,NA,NA,NA,NA,NA,S,S,NA,NA,S,NA,8,summer,post,1.072
WI,2018,233,2018-08-21,0,1,1,NA,NA,NA,NA,NA,NA,NA,NA,37,NA,82,541,1288,3,67,2819,NA,NA,NA,1.13,0,0.075,NA,0.065,0.002,5.95,NA,NA,NA,NA,NA,NA,NA,NA,NA,NA,NA,NA,N,NA,N,NA,NA,NA,NA,NA,S,NA,NA,NA,NA,NA,8,summer,post,1.288
WI,2018,249,2018-09-06,0,1,1,NA,8.53,8.79,NA,30.32,31.31,4.89,5.1,34,NA,13,458,1074,7,41,3534,NA,NA,NA,1.05,0,0.019,NA,0.07,0,7.72,NA,NA,NA,NA,H,H,NA,NA,NL,NA,NA,NA,NA,NA,NL,NA,NA,NA,NA,NA,S,NA,NA,NA,S,NA,9,summer,post,1.074
WI,2019,121,2019-05-01,0,1,1,NA,NA,NA,NA,NA,NA,NA,NA,24,NA,10,349,580,10,45,857,NA,NA,NA,NA,NA,NA,NA,NA,NA,NA,NA,NA,NA,NA,NA,NA,NA,NA,E,NA,NA,NA,NA,NA,NA,NA,NA,NA,NA,NA,NA,NA,NA,NA,NA,NA,5,summer,post,0.58
WI,2019,135,2019-05-15,0,1,1,NA,8.86,8.9,NA,49.47,49.21,4.43,4.6,8,NA,16,447,509,13,24,1521,NA,NA,NA,NA,NA,NA,NA,NA,NA,NA,NA,NA,NA,NA,NA,NA,NA,NA,NA,NA,L,NA,NA,NA,NA,NA,NA,NA,NA,NA,NA,NA,NA,NA,NA,NA,5,summer,post,0.509
WI,2019,150,2019-05-30,0,1,1,NA,NA,NA,NA,NA,NA,NA,NA,16,NA,10,420,572,17,35,692,NA,NA,NA,NA,NA,NA,NA,NA,NA,NA,NA,NA,NA,NA,NA,NA,NA,NA,E,NA,NA,NA,NA,NA,NA,NA,NA,NA,NA,NA,NA,NA,NA,NA,NA,NA,5,summer,post,0.572
WI,2019,165,2019-06-14,0,1,1,NA,8.72,8.87,NA,43.69,43.92,5.71,5.34,6,NA,8,475,830,15,46,2013,NA,NA,NA,NA,NA,NA,NA,NA,NA,NA,NA,NA,NA,NA,NA,NA,NA,NA,NA,NA,L,NA,NA,NA,NA,NA,NA,NA,NA,NA,NA,NA,NA,NA,NA,NA,6,summer,post,0.83
WI,2019,177,2019-06-26,0,1,1,NA,NA,NA,NA,NA,NA,NA,NA,7,NA,7,443,654,13,30,3930,NA,NA,NA,NA,NA,NA,NA,NA,NA,NA,NA,NA,NA,NA,NA,NA,NA,NA,E,NA,NA,NA,NA,NA,E,NA,NA,NA,NA,NA,NA,NA,NA,NA,NA,NA,6,summer,post,0.654
WI,2019,192,2019-07-11,0,1,1,NA,8.82,8.98,NA,40.89,41.99,4.79,5.08,2,NA,16,436,747,6,39,4520,NA,NA,NA,0.717,0,0.016,NA,0.039,0.014,10.5,NA,NA,NA,NA,NA,NA,NA,NA,E,NA,E,NA,NA,NA,NA,NA,NA,NA,NA,NA,S,NA,NA,NA,NA,NA,7,summer,post,0.747
WI,2019,205,2019-07-24,0,1,1,NA,NA,NA,NA,NA,NA,NA,NA,1,NA,14,452,1158,11,58,5448,NA,NA,NA,NA,NA,NA,NA,NA,NA,NA,NA,NA,NA,NA,NA,NA,NA,NA,NA,NA,L,NA,NA,NA,NA,NA,NA,NA,NA,NA,NA,NA,NA,NA,NA,NA,7,summer,post,1.158
WI,2019,219,2019-08-07,0,1,1,NA,8.58,8.97,3430,39.78,41.09,10.22,5.84,1,NA,9,725,1310,26,74,6564,NA,NA,NA,1.15,0.048,0,NA,0.058,0.016,NA,NA,NA,NA,NA,NA,NA,NA,NA,NA,NA,NA,NA,NA,NA,NA,E,NA,NA,NA,NA,NA,S,NA,NA,Q,NA,8,summer,post,1.31
WI,2019,231,2019-08-19,0,1,1,NA,NA,NA,NA,NA,NA,NA,NA,1,NA,9,1203,465,46,4,6491,NA,NA,NA,NA,NA,NA,NA,NA,NA,NA,NA,NA,NA,NA,NA,NA,NA,NA,NA,NA,NA,E,NA,L,NA,NA,NA,NA,NA,NA,NA,NA,NA,NA,NA,NA,8,summer,post,0.465
WI,2019,252,2019-09-09,0,1,1,NA,8.69,8.93,NA,48.15,49.24,9.8,5.9,7,NA,9,1179,629,58,29,6914,NA,NA,NA,1.01,0,0,NA,0.044,0.007,13.9,NA,NA,NA,NA,NA,NA,E,L,NA,NA,NA,NA,E,NA,E,NA,NA,NA,NA,NA,S,S,NA,NA,Q,NA,9,summer,post,0.629
WI,2020,160,2020-06-08,0,1,1,NA,NA,NA,NA,42.1,42.19,4.34,4.86,3,NA,17,461,768,8,8,1676,NA,NA,NA,NA,NA,NA,NA,NA,NA,NA,NA,NA,NA,NA,NA,NA,NA,NA,NA,NA,NA,NA,NA,NA,NA,E,NA,NA,NA,NA,NA,NA,NA,NA,NA,NA,6,summer,post,0.768
WI,2020,219,2020-08-06,0,1,1,NA,NA,NA,NA,34.73,35.09,4.98,6.03,NA,NA,NA,628,1514,5,14,25,NA,NA,NA,NA,NA,NA,NA,NA,NA,NA,NA,NA,NA,NA,NA,NA,NA,NA,NA,NA,NA,NA,NA,NA,NA,NA,NA,NA,NA,NA,NA,NA,NA,NA,NA,NA,8,summer,post,1.514
WI,2021,155,2021-06-04,0,1,1,NA,NA,NA,NA,NA,NA,NA,NA,2,NA,10,486,801,NA,9,232,NA,NA,NA,NA,0,0,NA,0.03,0.006,0.524,NA,NA,NA,NA,NA,NA,NA,NA,NA,NA,NA,NA,NA,NA,NA,NA,NA,NA,NA,NA,S,S,NA,NA,Q,NA,6,summer,post,0.801
WI,2021,168,2021-06-17,0,1,1,NA,NA,NA,NA,42.41,44.17,4.24,3.82,1,NA,22,407,628,7,34,2303,NA,NA,NA,NA,0,0,NA,0.031,0.005,6,NA,NA,NA,NA,NA,NA,NA,NA,NA,NA,NA,E,NA,E,NA,NA,NA,NA,NA,NA,S,S,NA,NA,NA,NA,6,summer,post,0.628
WI,2021,201,2021-07-20,0,1,1,NA,NA,NA,NA,NA,NA,NA,NA,1,NA,17,520,692,5,27,2896,NA,NA,NA,NA,0,0,NA,0.027,0.006,8.04,NA,NA,NA,NA,NA,NA,NA,NA,NA,NA,E,NA,NA,NA,NA,NA,NA,NA,NA,NA,S,S,NA,NA,NA,NA,7,summer,post,0.692
WI,2021,210,2021-07-29,0,1,1,NA,NA,NA,NA,NA,NA,NA,NA,0,NA,10,533,898,3,9,3273,NA,NA,NA,NA,0,0,NA,0.028,0.006,9.16,NA,NA,NA,NA,NA,NA,NA,NA,NA,NA,E,NA,NA,NA,NA,NA,NA,NA,NA,NA,S,S,NA,NA,Q,NA,7,summer,post,0.898
WI,2021,223,2021-08-11,0,1,1,NA,NA,NA,NA,40.6,41.74,4.83,4.96,4,NA,4,371,882,7,41,3767,NA,NA,NA,NA,NA,NA,NA,NA,NA,NA,NA,NA,NA,NA,NA,NA,NA,NA,E,NA,E,NA,NA,NA,NA,NA,NA,NA,NA,NA,NA,NA,NA,NA,NA,NA,8,summer,post,0.882
WI,2021,245,2021-09-02,0,1,1,NA,NA,NA,NA,NA,NA,NA,NA,3,NA,12,753,1040,3,9,4058,NA,NA,NA,NA,NA,NA,NA,NA,NA,NA,NA,NA,NA,NA,NA,NA,NA,NA,E,NA,E,NA,NA,NA,NA,NA,NA,NA,NA,NA,NA,NA,NA,NA,NA,NA,9,summer,post,1.04
WI,2021,257,2021-09-14,0,1,1,NA,NA,NA,NA,44.2,44.55,NA,NA,11,NA,19,757,785,25,24,3803,NA,NA,NA,NA,NA,NA,NA,NA,NA,NA,NA,NA,NA,NA,NA,NA,NA,NA,NA,NA,E,E,E,E,E,E,NA,NA,NA,NA,NA,NA,NA,NA,NA,NA,9,summer,post,0.785
WI,2022,138,2022-05-18,0,1,1,NA,8.65,NA,4469,50.37,51.38,4.88,5.11,NA,NA,NA,487.2,781.3,10.1,38.8,NA,NA,NA,NA,NA,NA,NA,NA,NA,NA,NA,NA,NA,NA,NA,NA,NA,NA,NA,NA,NA,NA,NA,NA,NA,NA,NA,NA,NA,NA,NA,NA,NA,NA,NA,NA,NA,5,summer,post,0.7813
WI,2022,201,2022-07-20,0,1,1,NA,9.2,NA,NA,34.67,36.3,4.75,4.42,NA,NA,NA,441.2,524.4,14,27.2,NA,NA,NA,NA,NA,NA,NA,NA,NA,NA,NA,NA,NA,NA,NA,NA,NA,NA,NA,NA,NA,NA,NA,NA,NA,NA,NA,NA,NA,NA,NA,NA,NA,NA,NA,NA,NA,7,summer,post,0.5244
WI,2022,224,2022-08-12,0,1,1,NA,8.96,NA,3130,31.98,34.25,4.85,3.78,NA,NA,NA,412.2,723.4,6.8,30.3,NA,NA,NA,NA,NA,NA,NA,NA,NA,NA,NA,NA,NA,NA,K,GK,GK,GK,GK,NA,NA,NA,NA,NA,NA,NA,NA,NA,NA,NA,NA,NA,NA,NA,NA,NA,NA,8,summer,post,0.7233999999999999
WI,2022,252,2022-09-09,0,1,1,NA,8.04,NA,NA,32.34,33.87,4.56,4.19,NA,NA,NA,449.6,711.6,7.5,34.1,NA,NA,NA,NA,NA,NA,NA,NA,NA,NA,NA,NA,NA,NA,NA,GEK,GK,GK,GEK,NA,NA,NA,NA,NA,NA,NA,NA,NA,NA,NA,NA,NA,NA,NA,NA,NA,NA,9,summer,post,0.7116
